repo_index,repo_name,repo_url,category,metric,value
1,Cyber-Security-Telegram-Bot,https://github.com/sobri3195/Cyber-Security-Telegram-Bot,Web Application Security,token_count,15
1,Cyber-Security-Telegram-Bot,https://github.com/sobri3195/Cyber-Security-Telegram-Bot,Web Application Security,security_keyword_hits,1
1,Cyber-Security-Telegram-Bot,https://github.com/sobri3195/Cyber-Security-Telegram-Bot,Web Application Security,has_ai_signal,0
1,Cyber-Security-Telegram-Bot,https://github.com/sobri3195/Cyber-Security-Telegram-Bot,Web Application Security,has_web_signal,1
1,Cyber-Security-Telegram-Bot,https://github.com/sobri3195/Cyber-Security-Telegram-Bot,Web Application Security,has_mobile_signal,0
1,Cyber-Security-Telegram-Bot,https://github.com/sobri3195/Cyber-Security-Telegram-Bot,Web Application Security,has_osint_signal,0
1,Cyber-Security-Telegram-Bot,https://github.com/sobri3195/Cyber-Security-Telegram-Bot,Web Application Security,has_automation_signal,0
1,Cyber-Security-Telegram-Bot,https://github.com/sobri3195/Cyber-Security-Telegram-Bot,Web Application Security,description_length,105
1,Cyber-Security-Telegram-Bot,https://github.com/sobri3195/Cyber-Security-Telegram-Bot,Web Application Security,inferred_language,Unknown
2,Pegasus-cp,https://github.com/sobri3195/Pegasus-cp,Web Application Security,token_count,9
2,Pegasus-cp,https://github.com/sobri3195/Pegasus-cp,Web Application Security,security_keyword_hits,0
2,Pegasus-cp,https://github.com/sobri3195/Pegasus-cp,Web Application Security,has_ai_signal,0
2,Pegasus-cp,https://github.com/sobri3195/Pegasus-cp,Web Application Security,has_web_signal,0
2,Pegasus-cp,https://github.com/sobri3195/Pegasus-cp,Web Application Security,has_mobile_signal,0
2,Pegasus-cp,https://github.com/sobri3195/Pegasus-cp,Web Application Security,has_osint_signal,0
2,Pegasus-cp,https://github.com/sobri3195/Pegasus-cp,Web Application Security,has_automation_signal,0
2,Pegasus-cp,https://github.com/sobri3195/Pegasus-cp,Web Application Security,description_length,68
2,Pegasus-cp,https://github.com/sobri3195/Pegasus-cp,Web Application Security,inferred_language,Unknown
3,Pegasus-Solo-Levelling,https://github.com/sobri3195/Pegasus-Solo-Levelling,Web Application Security,token_count,31
3,Pegasus-Solo-Levelling,https://github.com/sobri3195/Pegasus-Solo-Levelling,Web Application Security,security_keyword_hits,0
3,Pegasus-Solo-Levelling,https://github.com/sobri3195/Pegasus-Solo-Levelling,Web Application Security,has_ai_signal,0
3,Pegasus-Solo-Levelling,https://github.com/sobri3195/Pegasus-Solo-Levelling,Web Application Security,has_web_signal,1
3,Pegasus-Solo-Levelling,https://github.com/sobri3195/Pegasus-Solo-Levelling,Web Application Security,has_mobile_signal,0
3,Pegasus-Solo-Levelling,https://github.com/sobri3195/Pegasus-Solo-Levelling,Web Application Security,has_osint_signal,0
3,Pegasus-Solo-Levelling,https://github.com/sobri3195/Pegasus-Solo-Levelling,Web Application Security,has_automation_signal,0
3,Pegasus-Solo-Levelling,https://github.com/sobri3195/Pegasus-Solo-Levelling,Web Application Security,description_length,203
3,Pegasus-Solo-Levelling,https://github.com/sobri3195/Pegasus-Solo-Levelling,Web Application Security,inferred_language,Python
4,authphonefirebasewebsite,https://github.com/sobri3195/authphonefirebasewebsite,Web Application Security,token_count,22
4,authphonefirebasewebsite,https://github.com/sobri3195/authphonefirebasewebsite,Web Application Security,security_keyword_hits,0
4,authphonefirebasewebsite,https://github.com/sobri3195/authphonefirebasewebsite,Web Application Security,has_ai_signal,0
4,authphonefirebasewebsite,https://github.com/sobri3195/authphonefirebasewebsite,Web Application Security,has_web_signal,1
4,authphonefirebasewebsite,https://github.com/sobri3195/authphonefirebasewebsite,Web Application Security,has_mobile_signal,0
4,authphonefirebasewebsite,https://github.com/sobri3195/authphonefirebasewebsite,Web Application Security,has_osint_signal,0
4,authphonefirebasewebsite,https://github.com/sobri3195/authphonefirebasewebsite,Web Application Security,has_automation_signal,0
4,authphonefirebasewebsite,https://github.com/sobri3195/authphonefirebasewebsite,Web Application Security,description_length,162
4,authphonefirebasewebsite,https://github.com/sobri3195/authphonefirebasewebsite,Web Application Security,inferred_language,Unknown
5,herbal,https://github.com/sobri3195/herbal,Web Application Security,token_count,4
5,herbal,https://github.com/sobri3195/herbal,Web Application Security,security_keyword_hits,0
5,herbal,https://github.com/sobri3195/herbal,Web Application Security,has_ai_signal,0
5,herbal,https://github.com/sobri3195/herbal,Web Application Security,has_web_signal,1
5,herbal,https://github.com/sobri3195/herbal,Web Application Security,has_mobile_signal,0
5,herbal,https://github.com/sobri3195/herbal,Web Application Security,has_osint_signal,0
5,herbal,https://github.com/sobri3195/herbal,Web Application Security,has_automation_signal,0
5,herbal,https://github.com/sobri3195/herbal,Web Application Security,description_length,30
5,herbal,https://github.com/sobri3195/herbal,Web Application Security,inferred_language,Unknown
6,KampusBit,https://github.com/sobri3195/KampusBit,Web Application Security,token_count,30
6,KampusBit,https://github.com/sobri3195/KampusBit,Web Application Security,security_keyword_hits,0
6,KampusBit,https://github.com/sobri3195/KampusBit,Web Application Security,has_ai_signal,0
6,KampusBit,https://github.com/sobri3195/KampusBit,Web Application Security,has_web_signal,1
6,KampusBit,https://github.com/sobri3195/KampusBit,Web Application Security,has_mobile_signal,0
6,KampusBit,https://github.com/sobri3195/KampusBit,Web Application Security,has_osint_signal,0
6,KampusBit,https://github.com/sobri3195/KampusBit,Web Application Security,has_automation_signal,0
6,KampusBit,https://github.com/sobri3195/KampusBit,Web Application Security,description_length,203
6,KampusBit,https://github.com/sobri3195/KampusBit,Web Application Security,inferred_language,Unknown
7,pegasus-admin,https://github.com/sobri3195/pegasus-admin,Web Application Security,token_count,11
7,pegasus-admin,https://github.com/sobri3195/pegasus-admin,Web Application Security,security_keyword_hits,0
7,pegasus-admin,https://github.com/sobri3195/pegasus-admin,Web Application Security,has_ai_signal,0
7,pegasus-admin,https://github.com/sobri3195/pegasus-admin,Web Application Security,has_web_signal,1
7,pegasus-admin,https://github.com/sobri3195/pegasus-admin,Web Application Security,has_mobile_signal,0
7,pegasus-admin,https://github.com/sobri3195/pegasus-admin,Web Application Security,has_osint_signal,0
7,pegasus-admin,https://github.com/sobri3195/pegasus-admin,Web Application Security,has_automation_signal,0
7,pegasus-admin,https://github.com/sobri3195/pegasus-admin,Web Application Security,description_length,73
7,pegasus-admin,https://github.com/sobri3195/pegasus-admin,Web Application Security,inferred_language,Unknown
8,pegasus-toko,https://github.com/sobri3195/pegasus-toko,Web Application Security,token_count,18
8,pegasus-toko,https://github.com/sobri3195/pegasus-toko,Web Application Security,security_keyword_hits,0
8,pegasus-toko,https://github.com/sobri3195/pegasus-toko,Web Application Security,has_ai_signal,0
8,pegasus-toko,https://github.com/sobri3195/pegasus-toko,Web Application Security,has_web_signal,1
8,pegasus-toko,https://github.com/sobri3195/pegasus-toko,Web Application Security,has_mobile_signal,0
8,pegasus-toko,https://github.com/sobri3195/pegasus-toko,Web Application Security,has_osint_signal,0
8,pegasus-toko,https://github.com/sobri3195/pegasus-toko,Web Application Security,has_automation_signal,0
8,pegasus-toko,https://github.com/sobri3195/pegasus-toko,Web Application Security,description_length,136
8,pegasus-toko,https://github.com/sobri3195/pegasus-toko,Web Application Security,inferred_language,PHP
9,emergency-medicine,https://github.com/sobri3195/emergency-medicine,Web Application Security,token_count,15
9,emergency-medicine,https://github.com/sobri3195/emergency-medicine,Web Application Security,security_keyword_hits,0
9,emergency-medicine,https://github.com/sobri3195/emergency-medicine,Web Application Security,has_ai_signal,0
9,emergency-medicine,https://github.com/sobri3195/emergency-medicine,Web Application Security,has_web_signal,1
9,emergency-medicine,https://github.com/sobri3195/emergency-medicine,Web Application Security,has_mobile_signal,0
9,emergency-medicine,https://github.com/sobri3195/emergency-medicine,Web Application Security,has_osint_signal,0
9,emergency-medicine,https://github.com/sobri3195/emergency-medicine,Web Application Security,has_automation_signal,0
9,emergency-medicine,https://github.com/sobri3195/emergency-medicine,Web Application Security,description_length,74
9,emergency-medicine,https://github.com/sobri3195/emergency-medicine,Web Application Security,inferred_language,Unknown
10,Persiapan-ppds-sobri,https://github.com/sobri3195/Persiapan-ppds-sobri,Web Application Security,token_count,6
10,Persiapan-ppds-sobri,https://github.com/sobri3195/Persiapan-ppds-sobri,Web Application Security,security_keyword_hits,0
10,Persiapan-ppds-sobri,https://github.com/sobri3195/Persiapan-ppds-sobri,Web Application Security,has_ai_signal,0
10,Persiapan-ppds-sobri,https://github.com/sobri3195/Persiapan-ppds-sobri,Web Application Security,has_web_signal,1
10,Persiapan-ppds-sobri,https://github.com/sobri3195/Persiapan-ppds-sobri,Web Application Security,has_mobile_signal,0
10,Persiapan-ppds-sobri,https://github.com/sobri3195/Persiapan-ppds-sobri,Web Application Security,has_osint_signal,0
10,Persiapan-ppds-sobri,https://github.com/sobri3195/Persiapan-ppds-sobri,Web Application Security,has_automation_signal,0
10,Persiapan-ppds-sobri,https://github.com/sobri3195/Persiapan-ppds-sobri,Web Application Security,description_length,41
10,Persiapan-ppds-sobri,https://github.com/sobri3195/Persiapan-ppds-sobri,Web Application Security,inferred_language,Unknown
11,Pegasus-CSRF,https://github.com/sobri3195/Pegasus-CSRF,Web Application Security,token_count,5
11,Pegasus-CSRF,https://github.com/sobri3195/Pegasus-CSRF,Web Application Security,security_keyword_hits,1
11,Pegasus-CSRF,https://github.com/sobri3195/Pegasus-CSRF,Web Application Security,has_ai_signal,0
11,Pegasus-CSRF,https://github.com/sobri3195/Pegasus-CSRF,Web Application Security,has_web_signal,1
11,Pegasus-CSRF,https://github.com/sobri3195/Pegasus-CSRF,Web Application Security,has_mobile_signal,0
11,Pegasus-CSRF,https://github.com/sobri3195/Pegasus-CSRF,Web Application Security,has_osint_signal,0
11,Pegasus-CSRF,https://github.com/sobri3195/Pegasus-CSRF,Web Application Security,has_automation_signal,0
11,Pegasus-CSRF,https://github.com/sobri3195/Pegasus-CSRF,Web Application Security,description_length,33
11,Pegasus-CSRF,https://github.com/sobri3195/Pegasus-CSRF,Web Application Security,inferred_language,Unknown
12,pegasus-klinik,https://github.com/sobri3195/pegasus-klinik,Web Application Security,token_count,24
12,pegasus-klinik,https://github.com/sobri3195/pegasus-klinik,Web Application Security,security_keyword_hits,0
12,pegasus-klinik,https://github.com/sobri3195/pegasus-klinik,Web Application Security,has_ai_signal,0
12,pegasus-klinik,https://github.com/sobri3195/pegasus-klinik,Web Application Security,has_web_signal,0
12,pegasus-klinik,https://github.com/sobri3195/pegasus-klinik,Web Application Security,has_mobile_signal,0
12,pegasus-klinik,https://github.com/sobri3195/pegasus-klinik,Web Application Security,has_osint_signal,0
12,pegasus-klinik,https://github.com/sobri3195/pegasus-klinik,Web Application Security,has_automation_signal,0
12,pegasus-klinik,https://github.com/sobri3195/pegasus-klinik,Web Application Security,description_length,203
12,pegasus-klinik,https://github.com/sobri3195/pegasus-klinik,Web Application Security,inferred_language,Unknown
13,Sobri-ColorBlindX,https://github.com/sobri3195/Sobri-ColorBlindX,Web Application Security,token_count,28
13,Sobri-ColorBlindX,https://github.com/sobri3195/Sobri-ColorBlindX,Web Application Security,security_keyword_hits,0
13,Sobri-ColorBlindX,https://github.com/sobri3195/Sobri-ColorBlindX,Web Application Security,has_ai_signal,0
13,Sobri-ColorBlindX,https://github.com/sobri3195/Sobri-ColorBlindX,Web Application Security,has_web_signal,1
13,Sobri-ColorBlindX,https://github.com/sobri3195/Sobri-ColorBlindX,Web Application Security,has_mobile_signal,0
13,Sobri-ColorBlindX,https://github.com/sobri3195/Sobri-ColorBlindX,Web Application Security,has_osint_signal,0
13,Sobri-ColorBlindX,https://github.com/sobri3195/Sobri-ColorBlindX,Web Application Security,has_automation_signal,0
13,Sobri-ColorBlindX,https://github.com/sobri3195/Sobri-ColorBlindX,Web Application Security,description_length,203
13,Sobri-ColorBlindX,https://github.com/sobri3195/Sobri-ColorBlindX,Web Application Security,inferred_language,Unknown
14,somansa-plugin-wordpress,https://github.com/sobri3195/somansa-plugin-wordpress,Web Application Security,token_count,23
14,somansa-plugin-wordpress,https://github.com/sobri3195/somansa-plugin-wordpress,Web Application Security,security_keyword_hits,0
14,somansa-plugin-wordpress,https://github.com/sobri3195/somansa-plugin-wordpress,Web Application Security,has_ai_signal,0
14,somansa-plugin-wordpress,https://github.com/sobri3195/somansa-plugin-wordpress,Web Application Security,has_web_signal,0
14,somansa-plugin-wordpress,https://github.com/sobri3195/somansa-plugin-wordpress,Web Application Security,has_mobile_signal,0
14,somansa-plugin-wordpress,https://github.com/sobri3195/somansa-plugin-wordpress,Web Application Security,has_osint_signal,0
14,somansa-plugin-wordpress,https://github.com/sobri3195/somansa-plugin-wordpress,Web Application Security,has_automation_signal,0
14,somansa-plugin-wordpress,https://github.com/sobri3195/somansa-plugin-wordpress,Web Application Security,description_length,153
14,somansa-plugin-wordpress,https://github.com/sobri3195/somansa-plugin-wordpress,Web Application Security,inferred_language,Unknown
15,Pegasus-Scan-Web-Total,https://github.com/sobri3195/Pegasus-Scan-Web-Total,Network Security,token_count,13
15,Pegasus-Scan-Web-Total,https://github.com/sobri3195/Pegasus-Scan-Web-Total,Network Security,security_keyword_hits,2
15,Pegasus-Scan-Web-Total,https://github.com/sobri3195/Pegasus-Scan-Web-Total,Network Security,has_ai_signal,0
15,Pegasus-Scan-Web-Total,https://github.com/sobri3195/Pegasus-Scan-Web-Total,Network Security,has_web_signal,1
15,Pegasus-Scan-Web-Total,https://github.com/sobri3195/Pegasus-Scan-Web-Total,Network Security,has_mobile_signal,0
15,Pegasus-Scan-Web-Total,https://github.com/sobri3195/Pegasus-Scan-Web-Total,Network Security,has_osint_signal,0
15,Pegasus-Scan-Web-Total,https://github.com/sobri3195/Pegasus-Scan-Web-Total,Network Security,has_automation_signal,0
15,Pegasus-Scan-Web-Total,https://github.com/sobri3195/Pegasus-Scan-Web-Total,Network Security,description_length,97
15,Pegasus-Scan-Web-Total,https://github.com/sobri3195/Pegasus-Scan-Web-Total,Network Security,inferred_language,Unknown
16,sobri3195,https://github.com/sobri3195/sobri3195,Network Security,token_count,2
16,sobri3195,https://github.com/sobri3195/sobri3195,Network Security,security_keyword_hits,0
16,sobri3195,https://github.com/sobri3195/sobri3195,Network Security,has_ai_signal,0
16,sobri3195,https://github.com/sobri3195/sobri3195,Network Security,has_web_signal,0
16,sobri3195,https://github.com/sobri3195/sobri3195,Network Security,has_mobile_signal,0
16,sobri3195,https://github.com/sobri3195/sobri3195,Network Security,has_osint_signal,0
16,sobri3195,https://github.com/sobri3195/sobri3195,Network Security,has_automation_signal,1
16,sobri3195,https://github.com/sobri3195/sobri3195,Network Security,description_length,14
16,sobri3195,https://github.com/sobri3195/sobri3195,Network Security,inferred_language,Unknown
17,Web-Scraper-Pro---Complete-Website-Scraping-Tool,https://github.com/sobri3195/Web-Scraper-Pro---Complete-Website-Scraping-Tool,Network Security,token_count,11
17,Web-Scraper-Pro---Complete-Website-Scraping-Tool,https://github.com/sobri3195/Web-Scraper-Pro---Complete-Website-Scraping-Tool,Network Security,security_keyword_hits,0
17,Web-Scraper-Pro---Complete-Website-Scraping-Tool,https://github.com/sobri3195/Web-Scraper-Pro---Complete-Website-Scraping-Tool,Network Security,has_ai_signal,0
17,Web-Scraper-Pro---Complete-Website-Scraping-Tool,https://github.com/sobri3195/Web-Scraper-Pro---Complete-Website-Scraping-Tool,Network Security,has_web_signal,0
17,Web-Scraper-Pro---Complete-Website-Scraping-Tool,https://github.com/sobri3195/Web-Scraper-Pro---Complete-Website-Scraping-Tool,Network Security,has_mobile_signal,0
17,Web-Scraper-Pro---Complete-Website-Scraping-Tool,https://github.com/sobri3195/Web-Scraper-Pro---Complete-Website-Scraping-Tool,Network Security,has_osint_signal,0
17,Web-Scraper-Pro---Complete-Website-Scraping-Tool,https://github.com/sobri3195/Web-Scraper-Pro---Complete-Website-Scraping-Tool,Network Security,has_automation_signal,0
17,Web-Scraper-Pro---Complete-Website-Scraping-Tool,https://github.com/sobri3195/Web-Scraper-Pro---Complete-Website-Scraping-Tool,Network Security,description_length,85
17,Web-Scraper-Pro---Complete-Website-Scraping-Tool,https://github.com/sobri3195/Web-Scraper-Pro---Complete-Website-Scraping-Tool,Network Security,inferred_language,Python
18,pegasus-hack,https://github.com/sobri3195/pegasus-hack,Network Security,token_count,3
18,pegasus-hack,https://github.com/sobri3195/pegasus-hack,Network Security,security_keyword_hits,1
18,pegasus-hack,https://github.com/sobri3195/pegasus-hack,Network Security,has_ai_signal,0
18,pegasus-hack,https://github.com/sobri3195/pegasus-hack,Network Security,has_web_signal,1
18,pegasus-hack,https://github.com/sobri3195/pegasus-hack,Network Security,has_mobile_signal,0
18,pegasus-hack,https://github.com/sobri3195/pegasus-hack,Network Security,has_osint_signal,0
18,pegasus-hack,https://github.com/sobri3195/pegasus-hack,Network Security,has_automation_signal,0
18,pegasus-hack,https://github.com/sobri3195/pegasus-hack,Network Security,description_length,19
18,pegasus-hack,https://github.com/sobri3195/pegasus-hack,Network Security,inferred_language,Unknown
19,Pegasus-Malware-Scan,https://github.com/sobri3195/Pegasus-Malware-Scan,Network Security,token_count,26
19,Pegasus-Malware-Scan,https://github.com/sobri3195/Pegasus-Malware-Scan,Network Security,security_keyword_hits,1
19,Pegasus-Malware-Scan,https://github.com/sobri3195/Pegasus-Malware-Scan,Network Security,has_ai_signal,0
19,Pegasus-Malware-Scan,https://github.com/sobri3195/Pegasus-Malware-Scan,Network Security,has_web_signal,0
19,Pegasus-Malware-Scan,https://github.com/sobri3195/Pegasus-Malware-Scan,Network Security,has_mobile_signal,0
19,Pegasus-Malware-Scan,https://github.com/sobri3195/Pegasus-Malware-Scan,Network Security,has_osint_signal,0
19,Pegasus-Malware-Scan,https://github.com/sobri3195/Pegasus-Malware-Scan,Network Security,has_automation_signal,0
19,Pegasus-Malware-Scan,https://github.com/sobri3195/Pegasus-Malware-Scan,Network Security,description_length,203
19,Pegasus-Malware-Scan,https://github.com/sobri3195/Pegasus-Malware-Scan,Network Security,inferred_language,Python
20,pegasus-gerd,https://github.com/sobri3195/pegasus-gerd,Network Security,token_count,21
20,pegasus-gerd,https://github.com/sobri3195/pegasus-gerd,Network Security,security_keyword_hits,0
20,pegasus-gerd,https://github.com/sobri3195/pegasus-gerd,Network Security,has_ai_signal,0
20,pegasus-gerd,https://github.com/sobri3195/pegasus-gerd,Network Security,has_web_signal,0
20,pegasus-gerd,https://github.com/sobri3195/pegasus-gerd,Network Security,has_mobile_signal,0
20,pegasus-gerd,https://github.com/sobri3195/pegasus-gerd,Network Security,has_osint_signal,0
20,pegasus-gerd,https://github.com/sobri3195/pegasus-gerd,Network Security,has_automation_signal,1
20,pegasus-gerd,https://github.com/sobri3195/pegasus-gerd,Network Security,description_length,112
20,pegasus-gerd,https://github.com/sobri3195/pegasus-gerd,Network Security,inferred_language,Python
21,Pegasus-rfi,https://github.com/sobri3195/Pegasus-rfi,Network Security,token_count,3
21,Pegasus-rfi,https://github.com/sobri3195/Pegasus-rfi,Network Security,security_keyword_hits,1
21,Pegasus-rfi,https://github.com/sobri3195/Pegasus-rfi,Network Security,has_ai_signal,0
21,Pegasus-rfi,https://github.com/sobri3195/Pegasus-rfi,Network Security,has_web_signal,0
21,Pegasus-rfi,https://github.com/sobri3195/Pegasus-rfi,Network Security,has_mobile_signal,0
21,Pegasus-rfi,https://github.com/sobri3195/Pegasus-rfi,Network Security,has_osint_signal,0
21,Pegasus-rfi,https://github.com/sobri3195/Pegasus-rfi,Network Security,has_automation_signal,0
21,Pegasus-rfi,https://github.com/sobri3195/Pegasus-rfi,Network Security,description_length,19
21,Pegasus-rfi,https://github.com/sobri3195/Pegasus-rfi,Network Security,inferred_language,Unknown
22,pegasus-allink,https://github.com/sobri3195/pegasus-allink,Network Security,token_count,23
22,pegasus-allink,https://github.com/sobri3195/pegasus-allink,Network Security,security_keyword_hits,0
22,pegasus-allink,https://github.com/sobri3195/pegasus-allink,Network Security,has_ai_signal,0
22,pegasus-allink,https://github.com/sobri3195/pegasus-allink,Network Security,has_web_signal,1
22,pegasus-allink,https://github.com/sobri3195/pegasus-allink,Network Security,has_mobile_signal,0
22,pegasus-allink,https://github.com/sobri3195/pegasus-allink,Network Security,has_osint_signal,0
22,pegasus-allink,https://github.com/sobri3195/pegasus-allink,Network Security,has_automation_signal,1
22,pegasus-allink,https://github.com/sobri3195/pegasus-allink,Network Security,description_length,134
22,pegasus-allink,https://github.com/sobri3195/pegasus-allink,Network Security,inferred_language,Python
23,pegasus-cms,https://github.com/sobri3195/pegasus-cms,Network Security,token_count,16
23,pegasus-cms,https://github.com/sobri3195/pegasus-cms,Network Security,security_keyword_hits,0
23,pegasus-cms,https://github.com/sobri3195/pegasus-cms,Network Security,has_ai_signal,0
23,pegasus-cms,https://github.com/sobri3195/pegasus-cms,Network Security,has_web_signal,1
23,pegasus-cms,https://github.com/sobri3195/pegasus-cms,Network Security,has_mobile_signal,0
23,pegasus-cms,https://github.com/sobri3195/pegasus-cms,Network Security,has_osint_signal,0
23,pegasus-cms,https://github.com/sobri3195/pegasus-cms,Network Security,has_automation_signal,1
23,pegasus-cms,https://github.com/sobri3195/pegasus-cms,Network Security,description_length,99
23,pegasus-cms,https://github.com/sobri3195/pegasus-cms,Network Security,inferred_language,Unknown
24,pegasus-cpscan,https://github.com/sobri3195/pegasus-cpscan,Network Security,token_count,6
24,pegasus-cpscan,https://github.com/sobri3195/pegasus-cpscan,Network Security,security_keyword_hits,0
24,pegasus-cpscan,https://github.com/sobri3195/pegasus-cpscan,Network Security,has_ai_signal,0
24,pegasus-cpscan,https://github.com/sobri3195/pegasus-cpscan,Network Security,has_web_signal,1
24,pegasus-cpscan,https://github.com/sobri3195/pegasus-cpscan,Network Security,has_mobile_signal,0
24,pegasus-cpscan,https://github.com/sobri3195/pegasus-cpscan,Network Security,has_osint_signal,0
24,pegasus-cpscan,https://github.com/sobri3195/pegasus-cpscan,Network Security,has_automation_signal,0
24,pegasus-cpscan,https://github.com/sobri3195/pegasus-cpscan,Network Security,description_length,39
24,pegasus-cpscan,https://github.com/sobri3195/pegasus-cpscan,Network Security,inferred_language,Python
25,scrapinst,https://github.com/sobri3195/scrapinst,Network Security,token_count,18
25,scrapinst,https://github.com/sobri3195/scrapinst,Network Security,security_keyword_hits,0
25,scrapinst,https://github.com/sobri3195/scrapinst,Network Security,has_ai_signal,0
25,scrapinst,https://github.com/sobri3195/scrapinst,Network Security,has_web_signal,0
25,scrapinst,https://github.com/sobri3195/scrapinst,Network Security,has_mobile_signal,0
25,scrapinst,https://github.com/sobri3195/scrapinst,Network Security,has_osint_signal,0
25,scrapinst,https://github.com/sobri3195/scrapinst,Network Security,has_automation_signal,1
25,scrapinst,https://github.com/sobri3195/scrapinst,Network Security,description_length,108
25,scrapinst,https://github.com/sobri3195/scrapinst,Network Security,inferred_language,Unknown
26,Pegasus-Scan-Radar,https://github.com/sobri3195/Pegasus-Scan-Radar,Network Security,token_count,6
26,Pegasus-Scan-Radar,https://github.com/sobri3195/Pegasus-Scan-Radar,Network Security,security_keyword_hits,0
26,Pegasus-Scan-Radar,https://github.com/sobri3195/Pegasus-Scan-Radar,Network Security,has_ai_signal,0
26,Pegasus-Scan-Radar,https://github.com/sobri3195/Pegasus-Scan-Radar,Network Security,has_web_signal,0
26,Pegasus-Scan-Radar,https://github.com/sobri3195/Pegasus-Scan-Radar,Network Security,has_mobile_signal,0
26,Pegasus-Scan-Radar,https://github.com/sobri3195/Pegasus-Scan-Radar,Network Security,has_osint_signal,0
26,Pegasus-Scan-Radar,https://github.com/sobri3195/Pegasus-Scan-Radar,Network Security,has_automation_signal,0
26,Pegasus-Scan-Radar,https://github.com/sobri3195/Pegasus-Scan-Radar,Network Security,description_length,54
26,Pegasus-Scan-Radar,https://github.com/sobri3195/Pegasus-Scan-Radar,Network Security,inferred_language,Unknown
27,Pegasus-YouTube-Report,https://github.com/sobri3195/Pegasus-YouTube-Report,Network Security,token_count,13
27,Pegasus-YouTube-Report,https://github.com/sobri3195/Pegasus-YouTube-Report,Network Security,security_keyword_hits,0
27,Pegasus-YouTube-Report,https://github.com/sobri3195/Pegasus-YouTube-Report,Network Security,has_ai_signal,0
27,Pegasus-YouTube-Report,https://github.com/sobri3195/Pegasus-YouTube-Report,Network Security,has_web_signal,0
27,Pegasus-YouTube-Report,https://github.com/sobri3195/Pegasus-YouTube-Report,Network Security,has_mobile_signal,0
27,Pegasus-YouTube-Report,https://github.com/sobri3195/Pegasus-YouTube-Report,Network Security,has_osint_signal,0
27,Pegasus-YouTube-Report,https://github.com/sobri3195/Pegasus-YouTube-Report,Network Security,has_automation_signal,0
27,Pegasus-YouTube-Report,https://github.com/sobri3195/Pegasus-YouTube-Report,Network Security,description_length,112
27,Pegasus-YouTube-Report,https://github.com/sobri3195/Pegasus-YouTube-Report,Network Security,inferred_language,Python
28,toolbox-pegasus,https://github.com/sobri3195/toolbox-pegasus,Network Security,token_count,7
28,toolbox-pegasus,https://github.com/sobri3195/toolbox-pegasus,Network Security,security_keyword_hits,0
28,toolbox-pegasus,https://github.com/sobri3195/toolbox-pegasus,Network Security,has_ai_signal,0
28,toolbox-pegasus,https://github.com/sobri3195/toolbox-pegasus,Network Security,has_web_signal,0
28,toolbox-pegasus,https://github.com/sobri3195/toolbox-pegasus,Network Security,has_mobile_signal,0
28,toolbox-pegasus,https://github.com/sobri3195/toolbox-pegasus,Network Security,has_osint_signal,0
28,toolbox-pegasus,https://github.com/sobri3195/toolbox-pegasus,Network Security,has_automation_signal,1
28,toolbox-pegasus,https://github.com/sobri3195/toolbox-pegasus,Network Security,description_length,39
28,toolbox-pegasus,https://github.com/sobri3195/toolbox-pegasus,Network Security,inferred_language,Unknown
29,Pegasus-cake,https://github.com/sobri3195/Pegasus-cake,Network Security,token_count,8
29,Pegasus-cake,https://github.com/sobri3195/Pegasus-cake,Network Security,security_keyword_hits,0
29,Pegasus-cake,https://github.com/sobri3195/Pegasus-cake,Network Security,has_ai_signal,0
29,Pegasus-cake,https://github.com/sobri3195/Pegasus-cake,Network Security,has_web_signal,0
29,Pegasus-cake,https://github.com/sobri3195/Pegasus-cake,Network Security,has_mobile_signal,0
29,Pegasus-cake,https://github.com/sobri3195/Pegasus-cake,Network Security,has_osint_signal,0
29,Pegasus-cake,https://github.com/sobri3195/Pegasus-cake,Network Security,has_automation_signal,1
29,Pegasus-cake,https://github.com/sobri3195/Pegasus-cake,Network Security,description_length,39
29,Pegasus-cake,https://github.com/sobri3195/Pegasus-cake,Network Security,inferred_language,Unknown
30,pegasus-compress-file,https://github.com/sobri3195/pegasus-compress-file,Network Security,token_count,8
30,pegasus-compress-file,https://github.com/sobri3195/pegasus-compress-file,Network Security,security_keyword_hits,0
30,pegasus-compress-file,https://github.com/sobri3195/pegasus-compress-file,Network Security,has_ai_signal,0
30,pegasus-compress-file,https://github.com/sobri3195/pegasus-compress-file,Network Security,has_web_signal,0
30,pegasus-compress-file,https://github.com/sobri3195/pegasus-compress-file,Network Security,has_mobile_signal,0
30,pegasus-compress-file,https://github.com/sobri3195/pegasus-compress-file,Network Security,has_osint_signal,0
30,pegasus-compress-file,https://github.com/sobri3195/pegasus-compress-file,Network Security,has_automation_signal,0
30,pegasus-compress-file,https://github.com/sobri3195/pegasus-compress-file,Network Security,description_length,60
30,pegasus-compress-file,https://github.com/sobri3195/pegasus-compress-file,Network Security,inferred_language,Unknown
31,Pegasus-Military,https://github.com/sobri3195/Pegasus-Military,Network Security,token_count,19
31,Pegasus-Military,https://github.com/sobri3195/Pegasus-Military,Network Security,security_keyword_hits,0
31,Pegasus-Military,https://github.com/sobri3195/Pegasus-Military,Network Security,has_ai_signal,0
31,Pegasus-Military,https://github.com/sobri3195/Pegasus-Military,Network Security,has_web_signal,0
31,Pegasus-Military,https://github.com/sobri3195/Pegasus-Military,Network Security,has_mobile_signal,0
31,Pegasus-Military,https://github.com/sobri3195/Pegasus-Military,Network Security,has_osint_signal,0
31,Pegasus-Military,https://github.com/sobri3195/Pegasus-Military,Network Security,has_automation_signal,0
31,Pegasus-Military,https://github.com/sobri3195/Pegasus-Military,Network Security,description_length,153
31,Pegasus-Military,https://github.com/sobri3195/Pegasus-Military,Network Security,inferred_language,Unknown
32,Pegasus-sql,https://github.com/sobri3195/Pegasus-sql,Network Security,token_count,4
32,Pegasus-sql,https://github.com/sobri3195/Pegasus-sql,Network Security,security_keyword_hits,2
32,Pegasus-sql,https://github.com/sobri3195/Pegasus-sql,Network Security,has_ai_signal,0
32,Pegasus-sql,https://github.com/sobri3195/Pegasus-sql,Network Security,has_web_signal,0
32,Pegasus-sql,https://github.com/sobri3195/Pegasus-sql,Network Security,has_mobile_signal,0
32,Pegasus-sql,https://github.com/sobri3195/Pegasus-sql,Network Security,has_osint_signal,0
32,Pegasus-sql,https://github.com/sobri3195/Pegasus-sql,Network Security,has_automation_signal,0
32,Pegasus-sql,https://github.com/sobri3195/Pegasus-sql,Network Security,description_length,26
32,Pegasus-sql,https://github.com/sobri3195/Pegasus-sql,Network Security,inferred_language,Unknown
33,Pegasus-wordpress,https://github.com/sobri3195/Pegasus-wordpress,Network Security,token_count,3
33,Pegasus-wordpress,https://github.com/sobri3195/Pegasus-wordpress,Network Security,security_keyword_hits,2
33,Pegasus-wordpress,https://github.com/sobri3195/Pegasus-wordpress,Network Security,has_ai_signal,0
33,Pegasus-wordpress,https://github.com/sobri3195/Pegasus-wordpress,Network Security,has_web_signal,0
33,Pegasus-wordpress,https://github.com/sobri3195/Pegasus-wordpress,Network Security,has_mobile_signal,0
33,Pegasus-wordpress,https://github.com/sobri3195/Pegasus-wordpress,Network Security,has_osint_signal,0
33,Pegasus-wordpress,https://github.com/sobri3195/Pegasus-wordpress,Network Security,has_automation_signal,0
33,Pegasus-wordpress,https://github.com/sobri3195/Pegasus-wordpress,Network Security,description_length,25
33,Pegasus-wordpress,https://github.com/sobri3195/Pegasus-wordpress,Network Security,inferred_language,Unknown
34,Pegasusboom,https://github.com/sobri3195/Pegasusboom,Network Security,token_count,9
34,Pegasusboom,https://github.com/sobri3195/Pegasusboom,Network Security,security_keyword_hits,2
34,Pegasusboom,https://github.com/sobri3195/Pegasusboom,Network Security,has_ai_signal,0
34,Pegasusboom,https://github.com/sobri3195/Pegasusboom,Network Security,has_web_signal,0
34,Pegasusboom,https://github.com/sobri3195/Pegasusboom,Network Security,has_mobile_signal,0
34,Pegasusboom,https://github.com/sobri3195/Pegasusboom,Network Security,has_osint_signal,0
34,Pegasusboom,https://github.com/sobri3195/Pegasusboom,Network Security,has_automation_signal,1
34,Pegasusboom,https://github.com/sobri3195/Pegasusboom,Network Security,description_length,59
34,Pegasusboom,https://github.com/sobri3195/Pegasusboom,Network Security,inferred_language,Unknown
35,pegasuszipbruter,https://github.com/sobri3195/pegasuszipbruter,Network Security,token_count,32
35,pegasuszipbruter,https://github.com/sobri3195/pegasuszipbruter,Network Security,security_keyword_hits,0
35,pegasuszipbruter,https://github.com/sobri3195/pegasuszipbruter,Network Security,has_ai_signal,0
35,pegasuszipbruter,https://github.com/sobri3195/pegasuszipbruter,Network Security,has_web_signal,0
35,pegasuszipbruter,https://github.com/sobri3195/pegasuszipbruter,Network Security,has_mobile_signal,0
35,pegasuszipbruter,https://github.com/sobri3195/pegasuszipbruter,Network Security,has_osint_signal,0
35,pegasuszipbruter,https://github.com/sobri3195/pegasuszipbruter,Network Security,has_automation_signal,0
35,pegasuszipbruter,https://github.com/sobri3195/pegasuszipbruter,Network Security,description_length,203
35,pegasuszipbruter,https://github.com/sobri3195/pegasuszipbruter,Network Security,inferred_language,Unknown
36,Pegaxss,https://github.com/sobri3195/Pegaxss,Network Security,token_count,2
36,Pegaxss,https://github.com/sobri3195/Pegaxss,Network Security,security_keyword_hits,1
36,Pegaxss,https://github.com/sobri3195/Pegaxss,Network Security,has_ai_signal,0
36,Pegaxss,https://github.com/sobri3195/Pegaxss,Network Security,has_web_signal,0
36,Pegaxss,https://github.com/sobri3195/Pegaxss,Network Security,has_mobile_signal,0
36,Pegaxss,https://github.com/sobri3195/Pegaxss,Network Security,has_osint_signal,0
36,Pegaxss,https://github.com/sobri3195/Pegaxss,Network Security,has_automation_signal,0
36,Pegaxss,https://github.com/sobri3195/Pegaxss,Network Security,description_length,8
36,Pegaxss,https://github.com/sobri3195/Pegaxss,Network Security,inferred_language,Unknown
37,scraper-shopee-excel,https://github.com/sobri3195/scraper-shopee-excel,Network Security,token_count,22
37,scraper-shopee-excel,https://github.com/sobri3195/scraper-shopee-excel,Network Security,security_keyword_hits,0
37,scraper-shopee-excel,https://github.com/sobri3195/scraper-shopee-excel,Network Security,has_ai_signal,0
37,scraper-shopee-excel,https://github.com/sobri3195/scraper-shopee-excel,Network Security,has_web_signal,1
37,scraper-shopee-excel,https://github.com/sobri3195/scraper-shopee-excel,Network Security,has_mobile_signal,0
37,scraper-shopee-excel,https://github.com/sobri3195/scraper-shopee-excel,Network Security,has_osint_signal,0
37,scraper-shopee-excel,https://github.com/sobri3195/scraper-shopee-excel,Network Security,has_automation_signal,0
37,scraper-shopee-excel,https://github.com/sobri3195/scraper-shopee-excel,Network Security,description_length,154
37,scraper-shopee-excel,https://github.com/sobri3195/scraper-shopee-excel,Network Security,inferred_language,Python
38,scraping-ulasan-GrabFood,https://github.com/sobri3195/scraping-ulasan-GrabFood,Network Security,token_count,23
38,scraping-ulasan-GrabFood,https://github.com/sobri3195/scraping-ulasan-GrabFood,Network Security,security_keyword_hits,0
38,scraping-ulasan-GrabFood,https://github.com/sobri3195/scraping-ulasan-GrabFood,Network Security,has_ai_signal,0
38,scraping-ulasan-GrabFood,https://github.com/sobri3195/scraping-ulasan-GrabFood,Network Security,has_web_signal,0
38,scraping-ulasan-GrabFood,https://github.com/sobri3195/scraping-ulasan-GrabFood,Network Security,has_mobile_signal,0
38,scraping-ulasan-GrabFood,https://github.com/sobri3195/scraping-ulasan-GrabFood,Network Security,has_osint_signal,0
38,scraping-ulasan-GrabFood,https://github.com/sobri3195/scraping-ulasan-GrabFood,Network Security,has_automation_signal,1
38,scraping-ulasan-GrabFood,https://github.com/sobri3195/scraping-ulasan-GrabFood,Network Security,description_length,176
38,scraping-ulasan-GrabFood,https://github.com/sobri3195/scraping-ulasan-GrabFood,Network Security,inferred_language,Python
39,Pegasus-Audio,https://github.com/sobri3195/Pegasus-Audio,Network Security,token_count,34
39,Pegasus-Audio,https://github.com/sobri3195/Pegasus-Audio,Network Security,security_keyword_hits,0
39,Pegasus-Audio,https://github.com/sobri3195/Pegasus-Audio,Network Security,has_ai_signal,0
39,Pegasus-Audio,https://github.com/sobri3195/Pegasus-Audio,Network Security,has_web_signal,0
39,Pegasus-Audio,https://github.com/sobri3195/Pegasus-Audio,Network Security,has_mobile_signal,0
39,Pegasus-Audio,https://github.com/sobri3195/Pegasus-Audio,Network Security,has_osint_signal,0
39,Pegasus-Audio,https://github.com/sobri3195/Pegasus-Audio,Network Security,has_automation_signal,1
39,Pegasus-Audio,https://github.com/sobri3195/Pegasus-Audio,Network Security,description_length,203
39,Pegasus-Audio,https://github.com/sobri3195/Pegasus-Audio,Network Security,inferred_language,Python
40,Pegasus-Fuzzy-Neo,https://github.com/sobri3195/Pegasus-Fuzzy-Neo,Network Security,token_count,28
40,Pegasus-Fuzzy-Neo,https://github.com/sobri3195/Pegasus-Fuzzy-Neo,Network Security,security_keyword_hits,0
40,Pegasus-Fuzzy-Neo,https://github.com/sobri3195/Pegasus-Fuzzy-Neo,Network Security,has_ai_signal,0
40,Pegasus-Fuzzy-Neo,https://github.com/sobri3195/Pegasus-Fuzzy-Neo,Network Security,has_web_signal,0
40,Pegasus-Fuzzy-Neo,https://github.com/sobri3195/Pegasus-Fuzzy-Neo,Network Security,has_mobile_signal,0
40,Pegasus-Fuzzy-Neo,https://github.com/sobri3195/Pegasus-Fuzzy-Neo,Network Security,has_osint_signal,0
40,Pegasus-Fuzzy-Neo,https://github.com/sobri3195/Pegasus-Fuzzy-Neo,Network Security,has_automation_signal,0
40,Pegasus-Fuzzy-Neo,https://github.com/sobri3195/Pegasus-Fuzzy-Neo,Network Security,description_length,203
40,Pegasus-Fuzzy-Neo,https://github.com/sobri3195/Pegasus-Fuzzy-Neo,Network Security,inferred_language,Python
41,Pegasus-ZipFiles,https://github.com/sobri3195/Pegasus-ZipFiles,Network Security,token_count,12
41,Pegasus-ZipFiles,https://github.com/sobri3195/Pegasus-ZipFiles,Network Security,security_keyword_hits,0
41,Pegasus-ZipFiles,https://github.com/sobri3195/Pegasus-ZipFiles,Network Security,has_ai_signal,0
41,Pegasus-ZipFiles,https://github.com/sobri3195/Pegasus-ZipFiles,Network Security,has_web_signal,0
41,Pegasus-ZipFiles,https://github.com/sobri3195/Pegasus-ZipFiles,Network Security,has_mobile_signal,0
41,Pegasus-ZipFiles,https://github.com/sobri3195/Pegasus-ZipFiles,Network Security,has_osint_signal,0
41,Pegasus-ZipFiles,https://github.com/sobri3195/Pegasus-ZipFiles,Network Security,has_automation_signal,1
41,Pegasus-ZipFiles,https://github.com/sobri3195/Pegasus-ZipFiles,Network Security,description_length,69
41,Pegasus-ZipFiles,https://github.com/sobri3195/Pegasus-ZipFiles,Network Security,inferred_language,Python
42,pegasus-loki-rat,https://github.com/sobri3195/pegasus-loki-rat,Mobile Security,token_count,25
42,pegasus-loki-rat,https://github.com/sobri3195/pegasus-loki-rat,Mobile Security,security_keyword_hits,3
42,pegasus-loki-rat,https://github.com/sobri3195/pegasus-loki-rat,Mobile Security,has_ai_signal,0
42,pegasus-loki-rat,https://github.com/sobri3195/pegasus-loki-rat,Mobile Security,has_web_signal,0
42,pegasus-loki-rat,https://github.com/sobri3195/pegasus-loki-rat,Mobile Security,has_mobile_signal,0
42,pegasus-loki-rat,https://github.com/sobri3195/pegasus-loki-rat,Mobile Security,has_osint_signal,0
42,pegasus-loki-rat,https://github.com/sobri3195/pegasus-loki-rat,Mobile Security,has_automation_signal,0
42,pegasus-loki-rat,https://github.com/sobri3195/pegasus-loki-rat,Mobile Security,description_length,159
42,pegasus-loki-rat,https://github.com/sobri3195/pegasus-loki-rat,Mobile Security,inferred_language,Python
43,pegasus-two,https://github.com/sobri3195/pegasus-two,Mobile Security,token_count,35
43,pegasus-two,https://github.com/sobri3195/pegasus-two,Mobile Security,security_keyword_hits,2
43,pegasus-two,https://github.com/sobri3195/pegasus-two,Mobile Security,has_ai_signal,0
43,pegasus-two,https://github.com/sobri3195/pegasus-two,Mobile Security,has_web_signal,0
43,pegasus-two,https://github.com/sobri3195/pegasus-two,Mobile Security,has_mobile_signal,1
43,pegasus-two,https://github.com/sobri3195/pegasus-two,Mobile Security,has_osint_signal,0
43,pegasus-two,https://github.com/sobri3195/pegasus-two,Mobile Security,has_automation_signal,0
43,pegasus-two,https://github.com/sobri3195/pegasus-two,Mobile Security,description_length,203
43,pegasus-two,https://github.com/sobri3195/pegasus-two,Mobile Security,inferred_language,Unknown
44,Pegasus-Gram,https://github.com/sobri3195/Pegasus-Gram,Mobile Security,token_count,27
44,Pegasus-Gram,https://github.com/sobri3195/Pegasus-Gram,Mobile Security,security_keyword_hits,1
44,Pegasus-Gram,https://github.com/sobri3195/Pegasus-Gram,Mobile Security,has_ai_signal,0
44,Pegasus-Gram,https://github.com/sobri3195/Pegasus-Gram,Mobile Security,has_web_signal,0
44,Pegasus-Gram,https://github.com/sobri3195/Pegasus-Gram,Mobile Security,has_mobile_signal,0
44,Pegasus-Gram,https://github.com/sobri3195/Pegasus-Gram,Mobile Security,has_osint_signal,0
44,Pegasus-Gram,https://github.com/sobri3195/Pegasus-Gram,Mobile Security,has_automation_signal,0
44,Pegasus-Gram,https://github.com/sobri3195/Pegasus-Gram,Mobile Security,description_length,203
44,Pegasus-Gram,https://github.com/sobri3195/Pegasus-Gram,Mobile Security,inferred_language,Python
45,pegasus-WP-Appointment-Event-Booking,https://github.com/sobri3195/pegasus-WP-Appointment-Event-Booking,Mobile Security,token_count,18
45,pegasus-WP-Appointment-Event-Booking,https://github.com/sobri3195/pegasus-WP-Appointment-Event-Booking,Mobile Security,security_keyword_hits,0
45,pegasus-WP-Appointment-Event-Booking,https://github.com/sobri3195/pegasus-WP-Appointment-Event-Booking,Mobile Security,has_ai_signal,0
45,pegasus-WP-Appointment-Event-Booking,https://github.com/sobri3195/pegasus-WP-Appointment-Event-Booking,Mobile Security,has_web_signal,0
45,pegasus-WP-Appointment-Event-Booking,https://github.com/sobri3195/pegasus-WP-Appointment-Event-Booking,Mobile Security,has_mobile_signal,0
45,pegasus-WP-Appointment-Event-Booking,https://github.com/sobri3195/pegasus-WP-Appointment-Event-Booking,Mobile Security,has_osint_signal,0
45,pegasus-WP-Appointment-Event-Booking,https://github.com/sobri3195/pegasus-WP-Appointment-Event-Booking,Mobile Security,has_automation_signal,0
45,pegasus-WP-Appointment-Event-Booking,https://github.com/sobri3195/pegasus-WP-Appointment-Event-Booking,Mobile Security,description_length,142
45,pegasus-WP-Appointment-Event-Booking,https://github.com/sobri3195/pegasus-WP-Appointment-Event-Booking,Mobile Security,inferred_language,Unknown
46,Pegasus-Ujian,https://github.com/sobri3195/Pegasus-Ujian,Mobile Security,token_count,20
46,Pegasus-Ujian,https://github.com/sobri3195/Pegasus-Ujian,Mobile Security,security_keyword_hits,0
46,Pegasus-Ujian,https://github.com/sobri3195/Pegasus-Ujian,Mobile Security,has_ai_signal,0
46,Pegasus-Ujian,https://github.com/sobri3195/Pegasus-Ujian,Mobile Security,has_web_signal,1
46,Pegasus-Ujian,https://github.com/sobri3195/Pegasus-Ujian,Mobile Security,has_mobile_signal,0
46,Pegasus-Ujian,https://github.com/sobri3195/Pegasus-Ujian,Mobile Security,has_osint_signal,0
46,Pegasus-Ujian,https://github.com/sobri3195/Pegasus-Ujian,Mobile Security,has_automation_signal,0
46,Pegasus-Ujian,https://github.com/sobri3195/Pegasus-Ujian,Mobile Security,description_length,152
46,Pegasus-Ujian,https://github.com/sobri3195/Pegasus-Ujian,Mobile Security,inferred_language,Unknown
47,pegasus-hash-generator,https://github.com/sobri3195/pegasus-hash-generator,Mobile Security,token_count,5
47,pegasus-hash-generator,https://github.com/sobri3195/pegasus-hash-generator,Mobile Security,security_keyword_hits,0
47,pegasus-hash-generator,https://github.com/sobri3195/pegasus-hash-generator,Mobile Security,has_ai_signal,0
47,pegasus-hash-generator,https://github.com/sobri3195/pegasus-hash-generator,Mobile Security,has_web_signal,0
47,pegasus-hash-generator,https://github.com/sobri3195/pegasus-hash-generator,Mobile Security,has_mobile_signal,0
47,pegasus-hash-generator,https://github.com/sobri3195/pegasus-hash-generator,Mobile Security,has_osint_signal,0
47,pegasus-hash-generator,https://github.com/sobri3195/pegasus-hash-generator,Mobile Security,has_automation_signal,0
47,pegasus-hash-generator,https://github.com/sobri3195/pegasus-hash-generator,Mobile Security,description_length,26
47,pegasus-hash-generator,https://github.com/sobri3195/pegasus-hash-generator,Mobile Security,inferred_language,Unknown
48,Pegasus-SmartExam-Arena,https://github.com/sobri3195/Pegasus-SmartExam-Arena,Mobile Security,token_count,12
48,Pegasus-SmartExam-Arena,https://github.com/sobri3195/Pegasus-SmartExam-Arena,Mobile Security,security_keyword_hits,0
48,Pegasus-SmartExam-Arena,https://github.com/sobri3195/Pegasus-SmartExam-Arena,Mobile Security,has_ai_signal,0
48,Pegasus-SmartExam-Arena,https://github.com/sobri3195/Pegasus-SmartExam-Arena,Mobile Security,has_web_signal,0
48,Pegasus-SmartExam-Arena,https://github.com/sobri3195/Pegasus-SmartExam-Arena,Mobile Security,has_mobile_signal,0
48,Pegasus-SmartExam-Arena,https://github.com/sobri3195/Pegasus-SmartExam-Arena,Mobile Security,has_osint_signal,0
48,Pegasus-SmartExam-Arena,https://github.com/sobri3195/Pegasus-SmartExam-Arena,Mobile Security,has_automation_signal,0
48,Pegasus-SmartExam-Arena,https://github.com/sobri3195/Pegasus-SmartExam-Arena,Mobile Security,description_length,82
48,Pegasus-SmartExam-Arena,https://github.com/sobri3195/Pegasus-SmartExam-Arena,Mobile Security,inferred_language,Unknown
49,money_management,https://github.com/sobri3195/money_management,Mobile Security,token_count,3
49,money_management,https://github.com/sobri3195/money_management,Mobile Security,security_keyword_hits,0
49,money_management,https://github.com/sobri3195/money_management,Mobile Security,has_ai_signal,0
49,money_management,https://github.com/sobri3195/money_management,Mobile Security,has_web_signal,0
49,money_management,https://github.com/sobri3195/money_management,Mobile Security,has_mobile_signal,1
49,money_management,https://github.com/sobri3195/money_management,Mobile Security,has_osint_signal,0
49,money_management,https://github.com/sobri3195/money_management,Mobile Security,has_automation_signal,0
49,money_management,https://github.com/sobri3195/money_management,Mobile Security,description_length,22
49,money_management,https://github.com/sobri3195/money_management,Mobile Security,inferred_language,Unknown
50,Motocross,https://github.com/sobri3195/Motocross,Mobile Security,token_count,15
50,Motocross,https://github.com/sobri3195/Motocross,Mobile Security,security_keyword_hits,0
50,Motocross,https://github.com/sobri3195/Motocross,Mobile Security,has_ai_signal,0
50,Motocross,https://github.com/sobri3195/Motocross,Mobile Security,has_web_signal,0
50,Motocross,https://github.com/sobri3195/Motocross,Mobile Security,has_mobile_signal,1
50,Motocross,https://github.com/sobri3195/Motocross,Mobile Security,has_osint_signal,0
50,Motocross,https://github.com/sobri3195/Motocross,Mobile Security,has_automation_signal,0
50,Motocross,https://github.com/sobri3195/Motocross,Mobile Security,description_length,122
50,Motocross,https://github.com/sobri3195/Motocross,Mobile Security,inferred_language,Unknown
51,open-source-android-apps,https://github.com/sobri3195/open-source-android-apps,Mobile Security,token_count,3
51,open-source-android-apps,https://github.com/sobri3195/open-source-android-apps,Mobile Security,security_keyword_hits,0
51,open-source-android-apps,https://github.com/sobri3195/open-source-android-apps,Mobile Security,has_ai_signal,0
51,open-source-android-apps,https://github.com/sobri3195/open-source-android-apps,Mobile Security,has_web_signal,0
51,open-source-android-apps,https://github.com/sobri3195/open-source-android-apps,Mobile Security,has_mobile_signal,1
51,open-source-android-apps,https://github.com/sobri3195/open-source-android-apps,Mobile Security,has_osint_signal,0
51,open-source-android-apps,https://github.com/sobri3195/open-source-android-apps,Mobile Security,has_automation_signal,0
51,open-source-android-apps,https://github.com/sobri3195/open-source-android-apps,Mobile Security,description_length,24
51,open-source-android-apps,https://github.com/sobri3195/open-source-android-apps,Mobile Security,inferred_language,Unknown
52,pegarat,https://github.com/sobri3195/pegarat,Mobile Security,token_count,5
52,pegarat,https://github.com/sobri3195/pegarat,Mobile Security,security_keyword_hits,1
52,pegarat,https://github.com/sobri3195/pegarat,Mobile Security,has_ai_signal,0
52,pegarat,https://github.com/sobri3195/pegarat,Mobile Security,has_web_signal,0
52,pegarat,https://github.com/sobri3195/pegarat,Mobile Security,has_mobile_signal,0
52,pegarat,https://github.com/sobri3195/pegarat,Mobile Security,has_osint_signal,0
52,pegarat,https://github.com/sobri3195/pegarat,Mobile Security,has_automation_signal,0
52,pegarat,https://github.com/sobri3195/pegarat,Mobile Security,description_length,23
52,pegarat,https://github.com/sobri3195/pegarat,Mobile Security,inferred_language,Unknown
53,Pegasus-Mining-Bitcoin,https://github.com/sobri3195/Pegasus-Mining-Bitcoin,Mobile Security,token_count,33
53,Pegasus-Mining-Bitcoin,https://github.com/sobri3195/Pegasus-Mining-Bitcoin,Mobile Security,security_keyword_hits,0
53,Pegasus-Mining-Bitcoin,https://github.com/sobri3195/Pegasus-Mining-Bitcoin,Mobile Security,has_ai_signal,0
53,Pegasus-Mining-Bitcoin,https://github.com/sobri3195/Pegasus-Mining-Bitcoin,Mobile Security,has_web_signal,0
53,Pegasus-Mining-Bitcoin,https://github.com/sobri3195/Pegasus-Mining-Bitcoin,Mobile Security,has_mobile_signal,0
53,Pegasus-Mining-Bitcoin,https://github.com/sobri3195/Pegasus-Mining-Bitcoin,Mobile Security,has_osint_signal,0
53,Pegasus-Mining-Bitcoin,https://github.com/sobri3195/Pegasus-Mining-Bitcoin,Mobile Security,has_automation_signal,1
53,Pegasus-Mining-Bitcoin,https://github.com/sobri3195/Pegasus-Mining-Bitcoin,Mobile Security,description_length,203
53,Pegasus-Mining-Bitcoin,https://github.com/sobri3195/Pegasus-Mining-Bitcoin,Mobile Security,inferred_language,Python
54,SEO-KampusBit,https://github.com/sobri3195/SEO-KampusBit,Mobile Security,token_count,23
54,SEO-KampusBit,https://github.com/sobri3195/SEO-KampusBit,Mobile Security,security_keyword_hits,0
54,SEO-KampusBit,https://github.com/sobri3195/SEO-KampusBit,Mobile Security,has_ai_signal,0
54,SEO-KampusBit,https://github.com/sobri3195/SEO-KampusBit,Mobile Security,has_web_signal,0
54,SEO-KampusBit,https://github.com/sobri3195/SEO-KampusBit,Mobile Security,has_mobile_signal,1
54,SEO-KampusBit,https://github.com/sobri3195/SEO-KampusBit,Mobile Security,has_osint_signal,0
54,SEO-KampusBit,https://github.com/sobri3195/SEO-KampusBit,Mobile Security,has_automation_signal,0
54,SEO-KampusBit,https://github.com/sobri3195/SEO-KampusBit,Mobile Security,description_length,145
54,SEO-KampusBit,https://github.com/sobri3195/SEO-KampusBit,Mobile Security,inferred_language,Unknown
55,Sourcecodekampusbit,https://github.com/sobri3195/Sourcecodekampusbit,Mobile Security,token_count,10
55,Sourcecodekampusbit,https://github.com/sobri3195/Sourcecodekampusbit,Mobile Security,security_keyword_hits,0
55,Sourcecodekampusbit,https://github.com/sobri3195/Sourcecodekampusbit,Mobile Security,has_ai_signal,0
55,Sourcecodekampusbit,https://github.com/sobri3195/Sourcecodekampusbit,Mobile Security,has_web_signal,0
55,Sourcecodekampusbit,https://github.com/sobri3195/Sourcecodekampusbit,Mobile Security,has_mobile_signal,1
55,Sourcecodekampusbit,https://github.com/sobri3195/Sourcecodekampusbit,Mobile Security,has_osint_signal,0
55,Sourcecodekampusbit,https://github.com/sobri3195/Sourcecodekampusbit,Mobile Security,has_automation_signal,0
55,Sourcecodekampusbit,https://github.com/sobri3195/Sourcecodekampusbit,Mobile Security,description_length,66
55,Sourcecodekampusbit,https://github.com/sobri3195/Sourcecodekampusbit,Mobile Security,inferred_language,Unknown
56,Parser-BCA-MOBILE,https://github.com/sobri3195/Parser-BCA-MOBILE,Mobile Security,token_count,8
56,Parser-BCA-MOBILE,https://github.com/sobri3195/Parser-BCA-MOBILE,Mobile Security,security_keyword_hits,0
56,Parser-BCA-MOBILE,https://github.com/sobri3195/Parser-BCA-MOBILE,Mobile Security,has_ai_signal,0
56,Parser-BCA-MOBILE,https://github.com/sobri3195/Parser-BCA-MOBILE,Mobile Security,has_web_signal,0
56,Parser-BCA-MOBILE,https://github.com/sobri3195/Parser-BCA-MOBILE,Mobile Security,has_mobile_signal,1
56,Parser-BCA-MOBILE,https://github.com/sobri3195/Parser-BCA-MOBILE,Mobile Security,has_osint_signal,0
56,Parser-BCA-MOBILE,https://github.com/sobri3195/Parser-BCA-MOBILE,Mobile Security,has_automation_signal,0
56,Parser-BCA-MOBILE,https://github.com/sobri3195/Parser-BCA-MOBILE,Mobile Security,description_length,62
56,Parser-BCA-MOBILE,https://github.com/sobri3195/Parser-BCA-MOBILE,Mobile Security,inferred_language,Unknown
57,pegasus-neo-spyware,https://github.com/sobri3195/pegasus-neo-spyware,Mobile Security,token_count,26
57,pegasus-neo-spyware,https://github.com/sobri3195/pegasus-neo-spyware,Mobile Security,security_keyword_hits,0
57,pegasus-neo-spyware,https://github.com/sobri3195/pegasus-neo-spyware,Mobile Security,has_ai_signal,0
57,pegasus-neo-spyware,https://github.com/sobri3195/pegasus-neo-spyware,Mobile Security,has_web_signal,0
57,pegasus-neo-spyware,https://github.com/sobri3195/pegasus-neo-spyware,Mobile Security,has_mobile_signal,0
57,pegasus-neo-spyware,https://github.com/sobri3195/pegasus-neo-spyware,Mobile Security,has_osint_signal,0
57,pegasus-neo-spyware,https://github.com/sobri3195/pegasus-neo-spyware,Mobile Security,has_automation_signal,0
57,pegasus-neo-spyware,https://github.com/sobri3195/pegasus-neo-spyware,Mobile Security,description_length,203
57,pegasus-neo-spyware,https://github.com/sobri3195/pegasus-neo-spyware,Mobile Security,inferred_language,Unknown
58,pegasus-rat-second,https://github.com/sobri3195/pegasus-rat-second,Mobile Security,token_count,26
58,pegasus-rat-second,https://github.com/sobri3195/pegasus-rat-second,Mobile Security,security_keyword_hits,0
58,pegasus-rat-second,https://github.com/sobri3195/pegasus-rat-second,Mobile Security,has_ai_signal,0
58,pegasus-rat-second,https://github.com/sobri3195/pegasus-rat-second,Mobile Security,has_web_signal,0
58,pegasus-rat-second,https://github.com/sobri3195/pegasus-rat-second,Mobile Security,has_mobile_signal,0
58,pegasus-rat-second,https://github.com/sobri3195/pegasus-rat-second,Mobile Security,has_osint_signal,0
58,pegasus-rat-second,https://github.com/sobri3195/pegasus-rat-second,Mobile Security,has_automation_signal,0
58,pegasus-rat-second,https://github.com/sobri3195/pegasus-rat-second,Mobile Security,description_length,203
58,pegasus-rat-second,https://github.com/sobri3195/pegasus-rat-second,Mobile Security,inferred_language,Python
59,pegasuspassbreaker,https://github.com/sobri3195/pegasuspassbreaker,Mobile Security,token_count,25
59,pegasuspassbreaker,https://github.com/sobri3195/pegasuspassbreaker,Mobile Security,security_keyword_hits,0
59,pegasuspassbreaker,https://github.com/sobri3195/pegasuspassbreaker,Mobile Security,has_ai_signal,0
59,pegasuspassbreaker,https://github.com/sobri3195/pegasuspassbreaker,Mobile Security,has_web_signal,0
59,pegasuspassbreaker,https://github.com/sobri3195/pegasuspassbreaker,Mobile Security,has_mobile_signal,0
59,pegasuspassbreaker,https://github.com/sobri3195/pegasuspassbreaker,Mobile Security,has_osint_signal,0
59,pegasuspassbreaker,https://github.com/sobri3195/pegasuspassbreaker,Mobile Security,has_automation_signal,0
59,pegasuspassbreaker,https://github.com/sobri3195/pegasuspassbreaker,Mobile Security,description_length,203
59,pegasuspassbreaker,https://github.com/sobri3195/pegasuspassbreaker,Mobile Security,inferred_language,Python
60,Pegasus-Network-Capture-and-Remote-Connect,https://github.com/sobri3195/Pegasus-Network-Capture-and-Remote-Connect,Mobile Security,token_count,27
60,Pegasus-Network-Capture-and-Remote-Connect,https://github.com/sobri3195/Pegasus-Network-Capture-and-Remote-Connect,Mobile Security,security_keyword_hits,2
60,Pegasus-Network-Capture-and-Remote-Connect,https://github.com/sobri3195/Pegasus-Network-Capture-and-Remote-Connect,Mobile Security,has_ai_signal,0
60,Pegasus-Network-Capture-and-Remote-Connect,https://github.com/sobri3195/Pegasus-Network-Capture-and-Remote-Connect,Mobile Security,has_web_signal,0
60,Pegasus-Network-Capture-and-Remote-Connect,https://github.com/sobri3195/Pegasus-Network-Capture-and-Remote-Connect,Mobile Security,has_mobile_signal,0
60,Pegasus-Network-Capture-and-Remote-Connect,https://github.com/sobri3195/Pegasus-Network-Capture-and-Remote-Connect,Mobile Security,has_osint_signal,0
60,Pegasus-Network-Capture-and-Remote-Connect,https://github.com/sobri3195/Pegasus-Network-Capture-and-Remote-Connect,Mobile Security,has_automation_signal,0
60,Pegasus-Network-Capture-and-Remote-Connect,https://github.com/sobri3195/Pegasus-Network-Capture-and-Remote-Connect,Mobile Security,description_length,203
60,Pegasus-Network-Capture-and-Remote-Connect,https://github.com/sobri3195/Pegasus-Network-Capture-and-Remote-Connect,Mobile Security,inferred_language,Python
61,Pegasus-Network-Utility,https://github.com/sobri3195/Pegasus-Network-Utility,Mobile Security,token_count,26
61,Pegasus-Network-Utility,https://github.com/sobri3195/Pegasus-Network-Utility,Mobile Security,security_keyword_hits,3
61,Pegasus-Network-Utility,https://github.com/sobri3195/Pegasus-Network-Utility,Mobile Security,has_ai_signal,0
61,Pegasus-Network-Utility,https://github.com/sobri3195/Pegasus-Network-Utility,Mobile Security,has_web_signal,0
61,Pegasus-Network-Utility,https://github.com/sobri3195/Pegasus-Network-Utility,Mobile Security,has_mobile_signal,0
61,Pegasus-Network-Utility,https://github.com/sobri3195/Pegasus-Network-Utility,Mobile Security,has_osint_signal,0
61,Pegasus-Network-Utility,https://github.com/sobri3195/Pegasus-Network-Utility,Mobile Security,has_automation_signal,0
61,Pegasus-Network-Utility,https://github.com/sobri3195/Pegasus-Network-Utility,Mobile Security,description_length,203
61,Pegasus-Network-Utility,https://github.com/sobri3195/Pegasus-Network-Utility,Mobile Security,inferred_language,Python
62,Smart-Health-Monitoring-Wordpress-Plugin-,https://github.com/sobri3195/Smart-Health-Monitoring-Wordpress-Plugin-,Mobile Security,token_count,25
62,Smart-Health-Monitoring-Wordpress-Plugin-,https://github.com/sobri3195/Smart-Health-Monitoring-Wordpress-Plugin-,Mobile Security,security_keyword_hits,0
62,Smart-Health-Monitoring-Wordpress-Plugin-,https://github.com/sobri3195/Smart-Health-Monitoring-Wordpress-Plugin-,Mobile Security,has_ai_signal,0
62,Smart-Health-Monitoring-Wordpress-Plugin-,https://github.com/sobri3195/Smart-Health-Monitoring-Wordpress-Plugin-,Mobile Security,has_web_signal,0
62,Smart-Health-Monitoring-Wordpress-Plugin-,https://github.com/sobri3195/Smart-Health-Monitoring-Wordpress-Plugin-,Mobile Security,has_mobile_signal,0
62,Smart-Health-Monitoring-Wordpress-Plugin-,https://github.com/sobri3195/Smart-Health-Monitoring-Wordpress-Plugin-,Mobile Security,has_osint_signal,0
62,Smart-Health-Monitoring-Wordpress-Plugin-,https://github.com/sobri3195/Smart-Health-Monitoring-Wordpress-Plugin-,Mobile Security,has_automation_signal,0
62,Smart-Health-Monitoring-Wordpress-Plugin-,https://github.com/sobri3195/Smart-Health-Monitoring-Wordpress-Plugin-,Mobile Security,description_length,187
62,Smart-Health-Monitoring-Wordpress-Plugin-,https://github.com/sobri3195/Smart-Health-Monitoring-Wordpress-Plugin-,Mobile Security,inferred_language,Unknown
63,Pegasus-Track-Number-Realtime,https://github.com/sobri3195/Pegasus-Track-Number-Realtime,Forensics & OSINT,token_count,26
63,Pegasus-Track-Number-Realtime,https://github.com/sobri3195/Pegasus-Track-Number-Realtime,Forensics & OSINT,security_keyword_hits,0
63,Pegasus-Track-Number-Realtime,https://github.com/sobri3195/Pegasus-Track-Number-Realtime,Forensics & OSINT,has_ai_signal,0
63,Pegasus-Track-Number-Realtime,https://github.com/sobri3195/Pegasus-Track-Number-Realtime,Forensics & OSINT,has_web_signal,0
63,Pegasus-Track-Number-Realtime,https://github.com/sobri3195/Pegasus-Track-Number-Realtime,Forensics & OSINT,has_mobile_signal,0
63,Pegasus-Track-Number-Realtime,https://github.com/sobri3195/Pegasus-Track-Number-Realtime,Forensics & OSINT,has_osint_signal,0
63,Pegasus-Track-Number-Realtime,https://github.com/sobri3195/Pegasus-Track-Number-Realtime,Forensics & OSINT,has_automation_signal,1
63,Pegasus-Track-Number-Realtime,https://github.com/sobri3195/Pegasus-Track-Number-Realtime,Forensics & OSINT,description_length,198
63,Pegasus-Track-Number-Realtime,https://github.com/sobri3195/Pegasus-Track-Number-Realtime,Forensics & OSINT,inferred_language,Python
64,Pegasus-Lacak-Nomor,https://github.com/sobri3195/Pegasus-Lacak-Nomor,Forensics & OSINT,token_count,14
64,Pegasus-Lacak-Nomor,https://github.com/sobri3195/Pegasus-Lacak-Nomor,Forensics & OSINT,security_keyword_hits,0
64,Pegasus-Lacak-Nomor,https://github.com/sobri3195/Pegasus-Lacak-Nomor,Forensics & OSINT,has_ai_signal,0
64,Pegasus-Lacak-Nomor,https://github.com/sobri3195/Pegasus-Lacak-Nomor,Forensics & OSINT,has_web_signal,0
64,Pegasus-Lacak-Nomor,https://github.com/sobri3195/Pegasus-Lacak-Nomor,Forensics & OSINT,has_mobile_signal,0
64,Pegasus-Lacak-Nomor,https://github.com/sobri3195/Pegasus-Lacak-Nomor,Forensics & OSINT,has_osint_signal,0
64,Pegasus-Lacak-Nomor,https://github.com/sobri3195/Pegasus-Lacak-Nomor,Forensics & OSINT,has_automation_signal,0
64,Pegasus-Lacak-Nomor,https://github.com/sobri3195/Pegasus-Lacak-Nomor,Forensics & OSINT,description_length,103
64,Pegasus-Lacak-Nomor,https://github.com/sobri3195/Pegasus-Lacak-Nomor,Forensics & OSINT,inferred_language,Python
65,Pegasus-iglookup,https://github.com/sobri3195/Pegasus-iglookup,Forensics & OSINT,token_count,21
65,Pegasus-iglookup,https://github.com/sobri3195/Pegasus-iglookup,Forensics & OSINT,security_keyword_hits,0
65,Pegasus-iglookup,https://github.com/sobri3195/Pegasus-iglookup,Forensics & OSINT,has_ai_signal,0
65,Pegasus-iglookup,https://github.com/sobri3195/Pegasus-iglookup,Forensics & OSINT,has_web_signal,0
65,Pegasus-iglookup,https://github.com/sobri3195/Pegasus-iglookup,Forensics & OSINT,has_mobile_signal,0
65,Pegasus-iglookup,https://github.com/sobri3195/Pegasus-iglookup,Forensics & OSINT,has_osint_signal,0
65,Pegasus-iglookup,https://github.com/sobri3195/Pegasus-iglookup,Forensics & OSINT,has_automation_signal,0
65,Pegasus-iglookup,https://github.com/sobri3195/Pegasus-iglookup,Forensics & OSINT,description_length,144
65,Pegasus-iglookup,https://github.com/sobri3195/Pegasus-iglookup,Forensics & OSINT,inferred_language,Unknown
66,Anqa-OSINTInsta,https://github.com/sobri3195/Anqa-OSINTInsta,Forensics & OSINT,token_count,25
66,Anqa-OSINTInsta,https://github.com/sobri3195/Anqa-OSINTInsta,Forensics & OSINT,security_keyword_hits,0
66,Anqa-OSINTInsta,https://github.com/sobri3195/Anqa-OSINTInsta,Forensics & OSINT,has_ai_signal,0
66,Anqa-OSINTInsta,https://github.com/sobri3195/Anqa-OSINTInsta,Forensics & OSINT,has_web_signal,0
66,Anqa-OSINTInsta,https://github.com/sobri3195/Anqa-OSINTInsta,Forensics & OSINT,has_mobile_signal,0
66,Anqa-OSINTInsta,https://github.com/sobri3195/Anqa-OSINTInsta,Forensics & OSINT,has_osint_signal,0
66,Anqa-OSINTInsta,https://github.com/sobri3195/Anqa-OSINTInsta,Forensics & OSINT,has_automation_signal,0
66,Anqa-OSINTInsta,https://github.com/sobri3195/Anqa-OSINTInsta,Forensics & OSINT,description_length,135
66,Anqa-OSINTInsta,https://github.com/sobri3195/Anqa-OSINTInsta,Forensics & OSINT,inferred_language,Unknown
67,Pegasus-Tracking-IP,https://github.com/sobri3195/Pegasus-Tracking-IP,Forensics & OSINT,token_count,3
67,Pegasus-Tracking-IP,https://github.com/sobri3195/Pegasus-Tracking-IP,Forensics & OSINT,security_keyword_hits,0
67,Pegasus-Tracking-IP,https://github.com/sobri3195/Pegasus-Tracking-IP,Forensics & OSINT,has_ai_signal,0
67,Pegasus-Tracking-IP,https://github.com/sobri3195/Pegasus-Tracking-IP,Forensics & OSINT,has_web_signal,0
67,Pegasus-Tracking-IP,https://github.com/sobri3195/Pegasus-Tracking-IP,Forensics & OSINT,has_mobile_signal,0
67,Pegasus-Tracking-IP,https://github.com/sobri3195/Pegasus-Tracking-IP,Forensics & OSINT,has_osint_signal,0
67,Pegasus-Tracking-IP,https://github.com/sobri3195/Pegasus-Tracking-IP,Forensics & OSINT,has_automation_signal,0
67,Pegasus-Tracking-IP,https://github.com/sobri3195/Pegasus-Tracking-IP,Forensics & OSINT,description_length,19
67,Pegasus-Tracking-IP,https://github.com/sobri3195/Pegasus-Tracking-IP,Forensics & OSINT,inferred_language,Unknown
68,-Telkomsel-Number-Tracking-System,https://github.com/sobri3195/-Telkomsel-Number-Tracking-System,Forensics & OSINT,token_count,24
68,-Telkomsel-Number-Tracking-System,https://github.com/sobri3195/-Telkomsel-Number-Tracking-System,Forensics & OSINT,security_keyword_hits,0
68,-Telkomsel-Number-Tracking-System,https://github.com/sobri3195/-Telkomsel-Number-Tracking-System,Forensics & OSINT,has_ai_signal,0
68,-Telkomsel-Number-Tracking-System,https://github.com/sobri3195/-Telkomsel-Number-Tracking-System,Forensics & OSINT,has_web_signal,0
68,-Telkomsel-Number-Tracking-System,https://github.com/sobri3195/-Telkomsel-Number-Tracking-System,Forensics & OSINT,has_mobile_signal,1
68,-Telkomsel-Number-Tracking-System,https://github.com/sobri3195/-Telkomsel-Number-Tracking-System,Forensics & OSINT,has_osint_signal,0
68,-Telkomsel-Number-Tracking-System,https://github.com/sobri3195/-Telkomsel-Number-Tracking-System,Forensics & OSINT,has_automation_signal,0
68,-Telkomsel-Number-Tracking-System,https://github.com/sobri3195/-Telkomsel-Number-Tracking-System,Forensics & OSINT,description_length,203
68,-Telkomsel-Number-Tracking-System,https://github.com/sobri3195/-Telkomsel-Number-Tracking-System,Forensics & OSINT,inferred_language,Python
69,MapTheHackers,https://github.com/sobri3195/MapTheHackers,Forensics & OSINT,token_count,28
69,MapTheHackers,https://github.com/sobri3195/MapTheHackers,Forensics & OSINT,security_keyword_hits,0
69,MapTheHackers,https://github.com/sobri3195/MapTheHackers,Forensics & OSINT,has_ai_signal,0
69,MapTheHackers,https://github.com/sobri3195/MapTheHackers,Forensics & OSINT,has_web_signal,0
69,MapTheHackers,https://github.com/sobri3195/MapTheHackers,Forensics & OSINT,has_mobile_signal,0
69,MapTheHackers,https://github.com/sobri3195/MapTheHackers,Forensics & OSINT,has_osint_signal,0
69,MapTheHackers,https://github.com/sobri3195/MapTheHackers,Forensics & OSINT,has_automation_signal,0
69,MapTheHackers,https://github.com/sobri3195/MapTheHackers,Forensics & OSINT,description_length,186
69,MapTheHackers,https://github.com/sobri3195/MapTheHackers,Forensics & OSINT,inferred_language,Unknown
70,Pegasus-MapTheHackers,https://github.com/sobri3195/Pegasus-MapTheHackers,Forensics & OSINT,token_count,20
70,Pegasus-MapTheHackers,https://github.com/sobri3195/Pegasus-MapTheHackers,Forensics & OSINT,security_keyword_hits,0
70,Pegasus-MapTheHackers,https://github.com/sobri3195/Pegasus-MapTheHackers,Forensics & OSINT,has_ai_signal,0
70,Pegasus-MapTheHackers,https://github.com/sobri3195/Pegasus-MapTheHackers,Forensics & OSINT,has_web_signal,0
70,Pegasus-MapTheHackers,https://github.com/sobri3195/Pegasus-MapTheHackers,Forensics & OSINT,has_mobile_signal,0
70,Pegasus-MapTheHackers,https://github.com/sobri3195/Pegasus-MapTheHackers,Forensics & OSINT,has_osint_signal,0
70,Pegasus-MapTheHackers,https://github.com/sobri3195/Pegasus-MapTheHackers,Forensics & OSINT,has_automation_signal,0
70,Pegasus-MapTheHackers,https://github.com/sobri3195/Pegasus-MapTheHackers,Forensics & OSINT,description_length,134
70,Pegasus-MapTheHackers,https://github.com/sobri3195/Pegasus-MapTheHackers,Forensics & OSINT,inferred_language,Unknown
71,pegalou,https://github.com/sobri3195/pegalou,Forensics & OSINT,token_count,28
71,pegalou,https://github.com/sobri3195/pegalou,Forensics & OSINT,security_keyword_hits,1
71,pegalou,https://github.com/sobri3195/pegalou,Forensics & OSINT,has_ai_signal,0
71,pegalou,https://github.com/sobri3195/pegalou,Forensics & OSINT,has_web_signal,1
71,pegalou,https://github.com/sobri3195/pegalou,Forensics & OSINT,has_mobile_signal,0
71,pegalou,https://github.com/sobri3195/pegalou,Forensics & OSINT,has_osint_signal,1
71,pegalou,https://github.com/sobri3195/pegalou,Forensics & OSINT,has_automation_signal,0
71,pegalou,https://github.com/sobri3195/pegalou,Forensics & OSINT,description_length,203
71,pegalou,https://github.com/sobri3195/pegalou,Forensics & OSINT,inferred_language,Python
72,pegasus-all-photo,https://github.com/sobri3195/pegasus-all-photo,Forensics & OSINT,token_count,27
72,pegasus-all-photo,https://github.com/sobri3195/pegasus-all-photo,Forensics & OSINT,security_keyword_hits,0
72,pegasus-all-photo,https://github.com/sobri3195/pegasus-all-photo,Forensics & OSINT,has_ai_signal,0
72,pegasus-all-photo,https://github.com/sobri3195/pegasus-all-photo,Forensics & OSINT,has_web_signal,0
72,pegasus-all-photo,https://github.com/sobri3195/pegasus-all-photo,Forensics & OSINT,has_mobile_signal,0
72,pegasus-all-photo,https://github.com/sobri3195/pegasus-all-photo,Forensics & OSINT,has_osint_signal,0
72,pegasus-all-photo,https://github.com/sobri3195/pegasus-all-photo,Forensics & OSINT,has_automation_signal,0
72,pegasus-all-photo,https://github.com/sobri3195/pegasus-all-photo,Forensics & OSINT,description_length,203
72,pegasus-all-photo,https://github.com/sobri3195/pegasus-all-photo,Forensics & OSINT,inferred_language,Python
73,pegasus-pelacakan-foto,https://github.com/sobri3195/pegasus-pelacakan-foto,Forensics & OSINT,token_count,12
73,pegasus-pelacakan-foto,https://github.com/sobri3195/pegasus-pelacakan-foto,Forensics & OSINT,security_keyword_hits,0
73,pegasus-pelacakan-foto,https://github.com/sobri3195/pegasus-pelacakan-foto,Forensics & OSINT,has_ai_signal,0
73,pegasus-pelacakan-foto,https://github.com/sobri3195/pegasus-pelacakan-foto,Forensics & OSINT,has_web_signal,0
73,pegasus-pelacakan-foto,https://github.com/sobri3195/pegasus-pelacakan-foto,Forensics & OSINT,has_mobile_signal,0
73,pegasus-pelacakan-foto,https://github.com/sobri3195/pegasus-pelacakan-foto,Forensics & OSINT,has_osint_signal,0
73,pegasus-pelacakan-foto,https://github.com/sobri3195/pegasus-pelacakan-foto,Forensics & OSINT,has_automation_signal,0
73,pegasus-pelacakan-foto,https://github.com/sobri3195/pegasus-pelacakan-foto,Forensics & OSINT,description_length,78
73,pegasus-pelacakan-foto,https://github.com/sobri3195/pegasus-pelacakan-foto,Forensics & OSINT,inferred_language,Unknown
74,Pegasus-Whatsapp-Tracker,https://github.com/sobri3195/Pegasus-Whatsapp-Tracker,Forensics & OSINT,token_count,12
74,Pegasus-Whatsapp-Tracker,https://github.com/sobri3195/Pegasus-Whatsapp-Tracker,Forensics & OSINT,security_keyword_hits,0
74,Pegasus-Whatsapp-Tracker,https://github.com/sobri3195/Pegasus-Whatsapp-Tracker,Forensics & OSINT,has_ai_signal,0
74,Pegasus-Whatsapp-Tracker,https://github.com/sobri3195/Pegasus-Whatsapp-Tracker,Forensics & OSINT,has_web_signal,0
74,Pegasus-Whatsapp-Tracker,https://github.com/sobri3195/Pegasus-Whatsapp-Tracker,Forensics & OSINT,has_mobile_signal,0
74,Pegasus-Whatsapp-Tracker,https://github.com/sobri3195/Pegasus-Whatsapp-Tracker,Forensics & OSINT,has_osint_signal,0
74,Pegasus-Whatsapp-Tracker,https://github.com/sobri3195/Pegasus-Whatsapp-Tracker,Forensics & OSINT,has_automation_signal,0
74,Pegasus-Whatsapp-Tracker,https://github.com/sobri3195/Pegasus-Whatsapp-Tracker,Forensics & OSINT,description_length,100
74,Pegasus-Whatsapp-Tracker,https://github.com/sobri3195/Pegasus-Whatsapp-Tracker,Forensics & OSINT,inferred_language,Unknown
75,pegasus-creepy,https://github.com/sobri3195/pegasus-creepy,Forensics & OSINT,token_count,12
75,pegasus-creepy,https://github.com/sobri3195/pegasus-creepy,Forensics & OSINT,security_keyword_hits,0
75,pegasus-creepy,https://github.com/sobri3195/pegasus-creepy,Forensics & OSINT,has_ai_signal,0
75,pegasus-creepy,https://github.com/sobri3195/pegasus-creepy,Forensics & OSINT,has_web_signal,1
75,pegasus-creepy,https://github.com/sobri3195/pegasus-creepy,Forensics & OSINT,has_mobile_signal,0
75,pegasus-creepy,https://github.com/sobri3195/pegasus-creepy,Forensics & OSINT,has_osint_signal,0
75,pegasus-creepy,https://github.com/sobri3195/pegasus-creepy,Forensics & OSINT,has_automation_signal,0
75,pegasus-creepy,https://github.com/sobri3195/pegasus-creepy,Forensics & OSINT,description_length,87
75,pegasus-creepy,https://github.com/sobri3195/pegasus-creepy,Forensics & OSINT,inferred_language,Unknown
76,pegasus-trojan-termux,https://github.com/sobri3195/pegasus-trojan-termux,Exploitation Tools,token_count,32
76,pegasus-trojan-termux,https://github.com/sobri3195/pegasus-trojan-termux,Exploitation Tools,security_keyword_hits,1
76,pegasus-trojan-termux,https://github.com/sobri3195/pegasus-trojan-termux,Exploitation Tools,has_ai_signal,0
76,pegasus-trojan-termux,https://github.com/sobri3195/pegasus-trojan-termux,Exploitation Tools,has_web_signal,0
76,pegasus-trojan-termux,https://github.com/sobri3195/pegasus-trojan-termux,Exploitation Tools,has_mobile_signal,1
76,pegasus-trojan-termux,https://github.com/sobri3195/pegasus-trojan-termux,Exploitation Tools,has_osint_signal,0
76,pegasus-trojan-termux,https://github.com/sobri3195/pegasus-trojan-termux,Exploitation Tools,has_automation_signal,0
76,pegasus-trojan-termux,https://github.com/sobri3195/pegasus-trojan-termux,Exploitation Tools,description_length,203
76,pegasus-trojan-termux,https://github.com/sobri3195/pegasus-trojan-termux,Exploitation Tools,inferred_language,Unknown
77,pegasus-exploit,https://github.com/sobri3195/pegasus-exploit,Exploitation Tools,token_count,9
77,pegasus-exploit,https://github.com/sobri3195/pegasus-exploit,Exploitation Tools,security_keyword_hits,0
77,pegasus-exploit,https://github.com/sobri3195/pegasus-exploit,Exploitation Tools,has_ai_signal,0
77,pegasus-exploit,https://github.com/sobri3195/pegasus-exploit,Exploitation Tools,has_web_signal,0
77,pegasus-exploit,https://github.com/sobri3195/pegasus-exploit,Exploitation Tools,has_mobile_signal,0
77,pegasus-exploit,https://github.com/sobri3195/pegasus-exploit,Exploitation Tools,has_osint_signal,0
77,pegasus-exploit,https://github.com/sobri3195/pegasus-exploit,Exploitation Tools,has_automation_signal,1
77,pegasus-exploit,https://github.com/sobri3195/pegasus-exploit,Exploitation Tools,description_length,66
77,pegasus-exploit,https://github.com/sobri3195/pegasus-exploit,Exploitation Tools,inferred_language,Python
78,pegasus-0day-acunetix,https://github.com/sobri3195/pegasus-0day-acunetix,Exploitation Tools,token_count,27
78,pegasus-0day-acunetix,https://github.com/sobri3195/pegasus-0day-acunetix,Exploitation Tools,security_keyword_hits,2
78,pegasus-0day-acunetix,https://github.com/sobri3195/pegasus-0day-acunetix,Exploitation Tools,has_ai_signal,0
78,pegasus-0day-acunetix,https://github.com/sobri3195/pegasus-0day-acunetix,Exploitation Tools,has_web_signal,0
78,pegasus-0day-acunetix,https://github.com/sobri3195/pegasus-0day-acunetix,Exploitation Tools,has_mobile_signal,0
78,pegasus-0day-acunetix,https://github.com/sobri3195/pegasus-0day-acunetix,Exploitation Tools,has_osint_signal,0
78,pegasus-0day-acunetix,https://github.com/sobri3195/pegasus-0day-acunetix,Exploitation Tools,has_automation_signal,0
78,pegasus-0day-acunetix,https://github.com/sobri3195/pegasus-0day-acunetix,Exploitation Tools,description_length,155
78,pegasus-0day-acunetix,https://github.com/sobri3195/pegasus-0day-acunetix,Exploitation Tools,inferred_language,Unknown
79,Pegasus-obfuscator,https://github.com/sobri3195/Pegasus-obfuscator,Exploitation Tools,token_count,8
79,Pegasus-obfuscator,https://github.com/sobri3195/Pegasus-obfuscator,Exploitation Tools,security_keyword_hits,0
79,Pegasus-obfuscator,https://github.com/sobri3195/Pegasus-obfuscator,Exploitation Tools,has_ai_signal,0
79,Pegasus-obfuscator,https://github.com/sobri3195/Pegasus-obfuscator,Exploitation Tools,has_web_signal,0
79,Pegasus-obfuscator,https://github.com/sobri3195/Pegasus-obfuscator,Exploitation Tools,has_mobile_signal,0
79,Pegasus-obfuscator,https://github.com/sobri3195/Pegasus-obfuscator,Exploitation Tools,has_osint_signal,0
79,Pegasus-obfuscator,https://github.com/sobri3195/Pegasus-obfuscator,Exploitation Tools,has_automation_signal,0
79,Pegasus-obfuscator,https://github.com/sobri3195/Pegasus-obfuscator,Exploitation Tools,description_length,51
79,Pegasus-obfuscator,https://github.com/sobri3195/Pegasus-obfuscator,Exploitation Tools,inferred_language,Shell
80,VulnHunter,https://github.com/sobri3195/VulnHunter,Exploitation Tools,token_count,12
80,VulnHunter,https://github.com/sobri3195/VulnHunter,Exploitation Tools,security_keyword_hits,3
80,VulnHunter,https://github.com/sobri3195/VulnHunter,Exploitation Tools,has_ai_signal,0
80,VulnHunter,https://github.com/sobri3195/VulnHunter,Exploitation Tools,has_web_signal,0
80,VulnHunter,https://github.com/sobri3195/VulnHunter,Exploitation Tools,has_mobile_signal,0
80,VulnHunter,https://github.com/sobri3195/VulnHunter,Exploitation Tools,has_osint_signal,0
80,VulnHunter,https://github.com/sobri3195/VulnHunter,Exploitation Tools,has_automation_signal,0
80,VulnHunter,https://github.com/sobri3195/VulnHunter,Exploitation Tools,description_length,99
80,VulnHunter,https://github.com/sobri3195/VulnHunter,Exploitation Tools,inferred_language,Unknown
81,Pegasus-Super-Lacak,https://github.com/sobri3195/Pegasus-Super-Lacak,Exploitation Tools,token_count,26
81,Pegasus-Super-Lacak,https://github.com/sobri3195/Pegasus-Super-Lacak,Exploitation Tools,security_keyword_hits,0
81,Pegasus-Super-Lacak,https://github.com/sobri3195/Pegasus-Super-Lacak,Exploitation Tools,has_ai_signal,0
81,Pegasus-Super-Lacak,https://github.com/sobri3195/Pegasus-Super-Lacak,Exploitation Tools,has_web_signal,0
81,Pegasus-Super-Lacak,https://github.com/sobri3195/Pegasus-Super-Lacak,Exploitation Tools,has_mobile_signal,0
81,Pegasus-Super-Lacak,https://github.com/sobri3195/Pegasus-Super-Lacak,Exploitation Tools,has_osint_signal,0
81,Pegasus-Super-Lacak,https://github.com/sobri3195/Pegasus-Super-Lacak,Exploitation Tools,has_automation_signal,0
81,Pegasus-Super-Lacak,https://github.com/sobri3195/Pegasus-Super-Lacak,Exploitation Tools,description_length,180
81,Pegasus-Super-Lacak,https://github.com/sobri3195/Pegasus-Super-Lacak,Exploitation Tools,inferred_language,Python
82,Pegasus-stuff,https://github.com/sobri3195/Pegasus-stuff,Social Engineering,token_count,7
82,Pegasus-stuff,https://github.com/sobri3195/Pegasus-stuff,Social Engineering,security_keyword_hits,0
82,Pegasus-stuff,https://github.com/sobri3195/Pegasus-stuff,Social Engineering,has_ai_signal,0
82,Pegasus-stuff,https://github.com/sobri3195/Pegasus-stuff,Social Engineering,has_web_signal,0
82,Pegasus-stuff,https://github.com/sobri3195/Pegasus-stuff,Social Engineering,has_mobile_signal,0
82,Pegasus-stuff,https://github.com/sobri3195/Pegasus-stuff,Social Engineering,has_osint_signal,0
82,Pegasus-stuff,https://github.com/sobri3195/Pegasus-stuff,Social Engineering,has_automation_signal,0
82,Pegasus-stuff,https://github.com/sobri3195/Pegasus-stuff,Social Engineering,description_length,56
82,Pegasus-stuff,https://github.com/sobri3195/Pegasus-stuff,Social Engineering,inferred_language,Unknown
83,Pegasus-Bazooka,https://github.com/sobri3195/Pegasus-Bazooka,Social Engineering,token_count,19
83,Pegasus-Bazooka,https://github.com/sobri3195/Pegasus-Bazooka,Social Engineering,security_keyword_hits,1
83,Pegasus-Bazooka,https://github.com/sobri3195/Pegasus-Bazooka,Social Engineering,has_ai_signal,0
83,Pegasus-Bazooka,https://github.com/sobri3195/Pegasus-Bazooka,Social Engineering,has_web_signal,0
83,Pegasus-Bazooka,https://github.com/sobri3195/Pegasus-Bazooka,Social Engineering,has_mobile_signal,0
83,Pegasus-Bazooka,https://github.com/sobri3195/Pegasus-Bazooka,Social Engineering,has_osint_signal,1
83,Pegasus-Bazooka,https://github.com/sobri3195/Pegasus-Bazooka,Social Engineering,has_automation_signal,0
83,Pegasus-Bazooka,https://github.com/sobri3195/Pegasus-Bazooka,Social Engineering,description_length,128
83,Pegasus-Bazooka,https://github.com/sobri3195/Pegasus-Bazooka,Social Engineering,inferred_language,Unknown
84,pegasus-spam,https://github.com/sobri3195/pegasus-spam,Social Engineering,token_count,6
84,pegasus-spam,https://github.com/sobri3195/pegasus-spam,Social Engineering,security_keyword_hits,0
84,pegasus-spam,https://github.com/sobri3195/pegasus-spam,Social Engineering,has_ai_signal,0
84,pegasus-spam,https://github.com/sobri3195/pegasus-spam,Social Engineering,has_web_signal,0
84,pegasus-spam,https://github.com/sobri3195/pegasus-spam,Social Engineering,has_mobile_signal,0
84,pegasus-spam,https://github.com/sobri3195/pegasus-spam,Social Engineering,has_osint_signal,0
84,pegasus-spam,https://github.com/sobri3195/pegasus-spam,Social Engineering,has_automation_signal,0
84,pegasus-spam,https://github.com/sobri3195/pegasus-spam,Social Engineering,description_length,39
84,pegasus-spam,https://github.com/sobri3195/pegasus-spam,Social Engineering,inferred_language,Unknown
85,godzilla-secret,https://github.com/sobri3195/godzilla-secret,Social Engineering,token_count,34
85,godzilla-secret,https://github.com/sobri3195/godzilla-secret,Social Engineering,security_keyword_hits,0
85,godzilla-secret,https://github.com/sobri3195/godzilla-secret,Social Engineering,has_ai_signal,0
85,godzilla-secret,https://github.com/sobri3195/godzilla-secret,Social Engineering,has_web_signal,0
85,godzilla-secret,https://github.com/sobri3195/godzilla-secret,Social Engineering,has_mobile_signal,0
85,godzilla-secret,https://github.com/sobri3195/godzilla-secret,Social Engineering,has_osint_signal,0
85,godzilla-secret,https://github.com/sobri3195/godzilla-secret,Social Engineering,has_automation_signal,1
85,godzilla-secret,https://github.com/sobri3195/godzilla-secret,Social Engineering,description_length,203
85,godzilla-secret,https://github.com/sobri3195/godzilla-secret,Social Engineering,inferred_language,Unknown
86,Pegasus-Virus-Data,https://github.com/sobri3195/Pegasus-Virus-Data,Social Engineering,token_count,29
86,Pegasus-Virus-Data,https://github.com/sobri3195/Pegasus-Virus-Data,Social Engineering,security_keyword_hits,0
86,Pegasus-Virus-Data,https://github.com/sobri3195/Pegasus-Virus-Data,Social Engineering,has_ai_signal,0
86,Pegasus-Virus-Data,https://github.com/sobri3195/Pegasus-Virus-Data,Social Engineering,has_web_signal,0
86,Pegasus-Virus-Data,https://github.com/sobri3195/Pegasus-Virus-Data,Social Engineering,has_mobile_signal,0
86,Pegasus-Virus-Data,https://github.com/sobri3195/Pegasus-Virus-Data,Social Engineering,has_osint_signal,0
86,Pegasus-Virus-Data,https://github.com/sobri3195/Pegasus-Virus-Data,Social Engineering,has_automation_signal,0
86,Pegasus-Virus-Data,https://github.com/sobri3195/Pegasus-Virus-Data,Social Engineering,description_length,203
86,Pegasus-Virus-Data,https://github.com/sobri3195/Pegasus-Virus-Data,Social Engineering,inferred_language,Unknown
87,pegasus-callsmsboom,https://github.com/sobri3195/pegasus-callsmsboom,Social Engineering,token_count,3
87,pegasus-callsmsboom,https://github.com/sobri3195/pegasus-callsmsboom,Social Engineering,security_keyword_hits,1
87,pegasus-callsmsboom,https://github.com/sobri3195/pegasus-callsmsboom,Social Engineering,has_ai_signal,0
87,pegasus-callsmsboom,https://github.com/sobri3195/pegasus-callsmsboom,Social Engineering,has_web_signal,0
87,pegasus-callsmsboom,https://github.com/sobri3195/pegasus-callsmsboom,Social Engineering,has_mobile_signal,0
87,pegasus-callsmsboom,https://github.com/sobri3195/pegasus-callsmsboom,Social Engineering,has_osint_signal,0
87,pegasus-callsmsboom,https://github.com/sobri3195/pegasus-callsmsboom,Social Engineering,has_automation_signal,0
87,pegasus-callsmsboom,https://github.com/sobri3195/pegasus-callsmsboom,Social Engineering,description_length,26
87,pegasus-callsmsboom,https://github.com/sobri3195/pegasus-callsmsboom,Social Engineering,inferred_language,Unknown
88,pegasus-cdr,https://github.com/sobri3195/pegasus-cdr,Social Engineering,token_count,18
88,pegasus-cdr,https://github.com/sobri3195/pegasus-cdr,Social Engineering,security_keyword_hits,0
88,pegasus-cdr,https://github.com/sobri3195/pegasus-cdr,Social Engineering,has_ai_signal,0
88,pegasus-cdr,https://github.com/sobri3195/pegasus-cdr,Social Engineering,has_web_signal,0
88,pegasus-cdr,https://github.com/sobri3195/pegasus-cdr,Social Engineering,has_mobile_signal,0
88,pegasus-cdr,https://github.com/sobri3195/pegasus-cdr,Social Engineering,has_osint_signal,0
88,pegasus-cdr,https://github.com/sobri3195/pegasus-cdr,Social Engineering,has_automation_signal,0
88,pegasus-cdr,https://github.com/sobri3195/pegasus-cdr,Social Engineering,description_length,132
88,pegasus-cdr,https://github.com/sobri3195/pegasus-cdr,Social Engineering,inferred_language,Unknown
89,pegasusmd5,https://github.com/sobri3195/pegasusmd5,Social Engineering,token_count,10
89,pegasusmd5,https://github.com/sobri3195/pegasusmd5,Social Engineering,security_keyword_hits,0
89,pegasusmd5,https://github.com/sobri3195/pegasusmd5,Social Engineering,has_ai_signal,0
89,pegasusmd5,https://github.com/sobri3195/pegasusmd5,Social Engineering,has_web_signal,0
89,pegasusmd5,https://github.com/sobri3195/pegasusmd5,Social Engineering,has_mobile_signal,0
89,pegasusmd5,https://github.com/sobri3195/pegasusmd5,Social Engineering,has_osint_signal,0
89,pegasusmd5,https://github.com/sobri3195/pegasusmd5,Social Engineering,has_automation_signal,1
89,pegasusmd5,https://github.com/sobri3195/pegasusmd5,Social Engineering,description_length,60
89,pegasusmd5,https://github.com/sobri3195/pegasusmd5,Social Engineering,inferred_language,Unknown
90,pegasuslessinject,https://github.com/sobri3195/pegasuslessinject,Wireless Security,token_count,31
90,pegasuslessinject,https://github.com/sobri3195/pegasuslessinject,Wireless Security,security_keyword_hits,3
90,pegasuslessinject,https://github.com/sobri3195/pegasuslessinject,Wireless Security,has_ai_signal,0
90,pegasuslessinject,https://github.com/sobri3195/pegasuslessinject,Wireless Security,has_web_signal,0
90,pegasuslessinject,https://github.com/sobri3195/pegasuslessinject,Wireless Security,has_mobile_signal,0
90,pegasuslessinject,https://github.com/sobri3195/pegasuslessinject,Wireless Security,has_osint_signal,0
90,pegasuslessinject,https://github.com/sobri3195/pegasuslessinject,Wireless Security,has_automation_signal,0
90,pegasuslessinject,https://github.com/sobri3195/pegasuslessinject,Wireless Security,description_length,203
90,pegasuslessinject,https://github.com/sobri3195/pegasuslessinject,Wireless Security,inferred_language,Unknown
91,pegasus-wifi-sobri,https://github.com/sobri3195/pegasus-wifi-sobri,Wireless Security,token_count,20
91,pegasus-wifi-sobri,https://github.com/sobri3195/pegasus-wifi-sobri,Wireless Security,security_keyword_hits,2
91,pegasus-wifi-sobri,https://github.com/sobri3195/pegasus-wifi-sobri,Wireless Security,has_ai_signal,0
91,pegasus-wifi-sobri,https://github.com/sobri3195/pegasus-wifi-sobri,Wireless Security,has_web_signal,0
91,pegasus-wifi-sobri,https://github.com/sobri3195/pegasus-wifi-sobri,Wireless Security,has_mobile_signal,0
91,pegasus-wifi-sobri,https://github.com/sobri3195/pegasus-wifi-sobri,Wireless Security,has_osint_signal,0
91,pegasus-wifi-sobri,https://github.com/sobri3195/pegasus-wifi-sobri,Wireless Security,has_automation_signal,0
91,pegasus-wifi-sobri,https://github.com/sobri3195/pegasus-wifi-sobri,Wireless Security,description_length,148
91,pegasus-wifi-sobri,https://github.com/sobri3195/pegasus-wifi-sobri,Wireless Security,inferred_language,Unknown
92,Pegasus-OSINT-High,https://github.com/sobri3195/Pegasus-OSINT-High,Defensive Security,token_count,20
92,Pegasus-OSINT-High,https://github.com/sobri3195/Pegasus-OSINT-High,Defensive Security,security_keyword_hits,1
92,Pegasus-OSINT-High,https://github.com/sobri3195/Pegasus-OSINT-High,Defensive Security,has_ai_signal,0
92,Pegasus-OSINT-High,https://github.com/sobri3195/Pegasus-OSINT-High,Defensive Security,has_web_signal,0
92,Pegasus-OSINT-High,https://github.com/sobri3195/Pegasus-OSINT-High,Defensive Security,has_mobile_signal,0
92,Pegasus-OSINT-High,https://github.com/sobri3195/Pegasus-OSINT-High,Defensive Security,has_osint_signal,1
92,Pegasus-OSINT-High,https://github.com/sobri3195/Pegasus-OSINT-High,Defensive Security,has_automation_signal,0
92,Pegasus-OSINT-High,https://github.com/sobri3195/Pegasus-OSINT-High,Defensive Security,description_length,138
92,Pegasus-OSINT-High,https://github.com/sobri3195/Pegasus-OSINT-High,Defensive Security,inferred_language,Unknown
93,Pegasus-Advanced-Location-Tracking-System,https://github.com/sobri3195/Pegasus-Advanced-Location-Tracking-System,Defensive Security,token_count,26
93,Pegasus-Advanced-Location-Tracking-System,https://github.com/sobri3195/Pegasus-Advanced-Location-Tracking-System,Defensive Security,security_keyword_hits,0
93,Pegasus-Advanced-Location-Tracking-System,https://github.com/sobri3195/Pegasus-Advanced-Location-Tracking-System,Defensive Security,has_ai_signal,0
93,Pegasus-Advanced-Location-Tracking-System,https://github.com/sobri3195/Pegasus-Advanced-Location-Tracking-System,Defensive Security,has_web_signal,0
93,Pegasus-Advanced-Location-Tracking-System,https://github.com/sobri3195/Pegasus-Advanced-Location-Tracking-System,Defensive Security,has_mobile_signal,0
93,Pegasus-Advanced-Location-Tracking-System,https://github.com/sobri3195/Pegasus-Advanced-Location-Tracking-System,Defensive Security,has_osint_signal,0
93,Pegasus-Advanced-Location-Tracking-System,https://github.com/sobri3195/Pegasus-Advanced-Location-Tracking-System,Defensive Security,has_automation_signal,0
93,Pegasus-Advanced-Location-Tracking-System,https://github.com/sobri3195/Pegasus-Advanced-Location-Tracking-System,Defensive Security,description_length,203
93,Pegasus-Advanced-Location-Tracking-System,https://github.com/sobri3195/Pegasus-Advanced-Location-Tracking-System,Defensive Security,inferred_language,Unknown
94,pegasus-rdp-lite,https://github.com/sobri3195/pegasus-rdp-lite,Defensive Security,token_count,17
94,pegasus-rdp-lite,https://github.com/sobri3195/pegasus-rdp-lite,Defensive Security,security_keyword_hits,0
94,pegasus-rdp-lite,https://github.com/sobri3195/pegasus-rdp-lite,Defensive Security,has_ai_signal,0
94,pegasus-rdp-lite,https://github.com/sobri3195/pegasus-rdp-lite,Defensive Security,has_web_signal,0
94,pegasus-rdp-lite,https://github.com/sobri3195/pegasus-rdp-lite,Defensive Security,has_mobile_signal,0
94,pegasus-rdp-lite,https://github.com/sobri3195/pegasus-rdp-lite,Defensive Security,has_osint_signal,0
94,pegasus-rdp-lite,https://github.com/sobri3195/pegasus-rdp-lite,Defensive Security,has_automation_signal,0
94,pegasus-rdp-lite,https://github.com/sobri3195/pegasus-rdp-lite,Defensive Security,description_length,129
94,pegasus-rdp-lite,https://github.com/sobri3195/pegasus-rdp-lite,Defensive Security,inferred_language,Unknown
95,Sobri-VisionBuddy,https://github.com/sobri3195/Sobri-VisionBuddy,Defensive Security,token_count,26
95,Sobri-VisionBuddy,https://github.com/sobri3195/Sobri-VisionBuddy,Defensive Security,security_keyword_hits,0
95,Sobri-VisionBuddy,https://github.com/sobri3195/Sobri-VisionBuddy,Defensive Security,has_ai_signal,0
95,Sobri-VisionBuddy,https://github.com/sobri3195/Sobri-VisionBuddy,Defensive Security,has_web_signal,0
95,Sobri-VisionBuddy,https://github.com/sobri3195/Sobri-VisionBuddy,Defensive Security,has_mobile_signal,0
95,Sobri-VisionBuddy,https://github.com/sobri3195/Sobri-VisionBuddy,Defensive Security,has_osint_signal,0
95,Sobri-VisionBuddy,https://github.com/sobri3195/Sobri-VisionBuddy,Defensive Security,has_automation_signal,0
95,Sobri-VisionBuddy,https://github.com/sobri3195/Sobri-VisionBuddy,Defensive Security,description_length,203
95,Sobri-VisionBuddy,https://github.com/sobri3195/Sobri-VisionBuddy,Defensive Security,inferred_language,Unknown
96,pegasus-antivirus-chrome-extension,https://github.com/sobri3195/pegasus-antivirus-chrome-extension,Browser Security Tools,token_count,1
96,pegasus-antivirus-chrome-extension,https://github.com/sobri3195/pegasus-antivirus-chrome-extension,Browser Security Tools,security_keyword_hits,0
96,pegasus-antivirus-chrome-extension,https://github.com/sobri3195/pegasus-antivirus-chrome-extension,Browser Security Tools,has_ai_signal,0
96,pegasus-antivirus-chrome-extension,https://github.com/sobri3195/pegasus-antivirus-chrome-extension,Browser Security Tools,has_web_signal,0
96,pegasus-antivirus-chrome-extension,https://github.com/sobri3195/pegasus-antivirus-chrome-extension,Browser Security Tools,has_mobile_signal,0
96,pegasus-antivirus-chrome-extension,https://github.com/sobri3195/pegasus-antivirus-chrome-extension,Browser Security Tools,has_osint_signal,0
96,pegasus-antivirus-chrome-extension,https://github.com/sobri3195/pegasus-antivirus-chrome-extension,Browser Security Tools,has_automation_signal,0
96,pegasus-antivirus-chrome-extension,https://github.com/sobri3195/pegasus-antivirus-chrome-extension,Browser Security Tools,description_length,34
96,pegasus-antivirus-chrome-extension,https://github.com/sobri3195/pegasus-antivirus-chrome-extension,Browser Security Tools,inferred_language,Unknown
97,pegasus-Chrome-Extension-Antivirus,https://github.com/sobri3195/pegasus-Chrome-Extension-Antivirus,Browser Security Tools,token_count,6
97,pegasus-Chrome-Extension-Antivirus,https://github.com/sobri3195/pegasus-Chrome-Extension-Antivirus,Browser Security Tools,security_keyword_hits,2
97,pegasus-Chrome-Extension-Antivirus,https://github.com/sobri3195/pegasus-Chrome-Extension-Antivirus,Browser Security Tools,has_ai_signal,0
97,pegasus-Chrome-Extension-Antivirus,https://github.com/sobri3195/pegasus-Chrome-Extension-Antivirus,Browser Security Tools,has_web_signal,0
97,pegasus-Chrome-Extension-Antivirus,https://github.com/sobri3195/pegasus-Chrome-Extension-Antivirus,Browser Security Tools,has_mobile_signal,0
97,pegasus-Chrome-Extension-Antivirus,https://github.com/sobri3195/pegasus-Chrome-Extension-Antivirus,Browser Security Tools,has_osint_signal,0
97,pegasus-Chrome-Extension-Antivirus,https://github.com/sobri3195/pegasus-Chrome-Extension-Antivirus,Browser Security Tools,has_automation_signal,0
97,pegasus-Chrome-Extension-Antivirus,https://github.com/sobri3195/pegasus-Chrome-Extension-Antivirus,Browser Security Tools,description_length,48
97,pegasus-Chrome-Extension-Antivirus,https://github.com/sobri3195/pegasus-Chrome-Extension-Antivirus,Browser Security Tools,inferred_language,Unknown
98,pegasusghost,https://github.com/sobri3195/pegasusghost,Browser Security Tools,token_count,5
98,pegasusghost,https://github.com/sobri3195/pegasusghost,Browser Security Tools,security_keyword_hits,0
98,pegasusghost,https://github.com/sobri3195/pegasusghost,Browser Security Tools,has_ai_signal,0
98,pegasusghost,https://github.com/sobri3195/pegasusghost,Browser Security Tools,has_web_signal,1
98,pegasusghost,https://github.com/sobri3195/pegasusghost,Browser Security Tools,has_mobile_signal,0
98,pegasusghost,https://github.com/sobri3195/pegasusghost,Browser Security Tools,has_osint_signal,0
98,pegasusghost,https://github.com/sobri3195/pegasusghost,Browser Security Tools,has_automation_signal,0
98,pegasusghost,https://github.com/sobri3195/pegasusghost,Browser Security Tools,description_length,32
98,pegasusghost,https://github.com/sobri3195/pegasusghost,Browser Security Tools,inferred_language,Unknown
99,kosek3biak,https://github.com/sobri3195/kosek3biak,Browser Security Tools,token_count,5
99,kosek3biak,https://github.com/sobri3195/kosek3biak,Browser Security Tools,security_keyword_hits,0
99,kosek3biak,https://github.com/sobri3195/kosek3biak,Browser Security Tools,has_ai_signal,0
99,kosek3biak,https://github.com/sobri3195/kosek3biak,Browser Security Tools,has_web_signal,0
99,kosek3biak,https://github.com/sobri3195/kosek3biak,Browser Security Tools,has_mobile_signal,0
99,kosek3biak,https://github.com/sobri3195/kosek3biak,Browser Security Tools,has_osint_signal,0
99,kosek3biak,https://github.com/sobri3195/kosek3biak,Browser Security Tools,has_automation_signal,0
99,kosek3biak,https://github.com/sobri3195/kosek3biak,Browser Security Tools,description_length,34
99,kosek3biak,https://github.com/sobri3195/kosek3biak,Browser Security Tools,inferred_language,Unknown
100,pegasus-scan-radar-militer,https://github.com/sobri3195/pegasus-scan-radar-militer,Browser Security Tools,token_count,27
100,pegasus-scan-radar-militer,https://github.com/sobri3195/pegasus-scan-radar-militer,Browser Security Tools,security_keyword_hits,0
100,pegasus-scan-radar-militer,https://github.com/sobri3195/pegasus-scan-radar-militer,Browser Security Tools,has_ai_signal,0
100,pegasus-scan-radar-militer,https://github.com/sobri3195/pegasus-scan-radar-militer,Browser Security Tools,has_web_signal,0
100,pegasus-scan-radar-militer,https://github.com/sobri3195/pegasus-scan-radar-militer,Browser Security Tools,has_mobile_signal,0
100,pegasus-scan-radar-militer,https://github.com/sobri3195/pegasus-scan-radar-militer,Browser Security Tools,has_osint_signal,0
100,pegasus-scan-radar-militer,https://github.com/sobri3195/pegasus-scan-radar-militer,Browser Security Tools,has_automation_signal,0
100,pegasus-scan-radar-militer,https://github.com/sobri3195/pegasus-scan-radar-militer,Browser Security Tools,description_length,203
100,pegasus-scan-radar-militer,https://github.com/sobri3195/pegasus-scan-radar-militer,Browser Security Tools,inferred_language,Unknown
101,Pegasus-Pentest-Arsenal,https://github.com/sobri3195/Pegasus-Pentest-Arsenal,Penetration Testing Suites,token_count,17
101,Pegasus-Pentest-Arsenal,https://github.com/sobri3195/Pegasus-Pentest-Arsenal,Penetration Testing Suites,security_keyword_hits,1
101,Pegasus-Pentest-Arsenal,https://github.com/sobri3195/Pegasus-Pentest-Arsenal,Penetration Testing Suites,has_ai_signal,0
101,Pegasus-Pentest-Arsenal,https://github.com/sobri3195/Pegasus-Pentest-Arsenal,Penetration Testing Suites,has_web_signal,1
101,Pegasus-Pentest-Arsenal,https://github.com/sobri3195/Pegasus-Pentest-Arsenal,Penetration Testing Suites,has_mobile_signal,0
101,Pegasus-Pentest-Arsenal,https://github.com/sobri3195/Pegasus-Pentest-Arsenal,Penetration Testing Suites,has_osint_signal,0
101,Pegasus-Pentest-Arsenal,https://github.com/sobri3195/Pegasus-Pentest-Arsenal,Penetration Testing Suites,has_automation_signal,1
101,Pegasus-Pentest-Arsenal,https://github.com/sobri3195/Pegasus-Pentest-Arsenal,Penetration Testing Suites,description_length,126
101,Pegasus-Pentest-Arsenal,https://github.com/sobri3195/Pegasus-Pentest-Arsenal,Penetration Testing Suites,inferred_language,Unknown
102,Pegabox,https://github.com/sobri3195/Pegabox,Penetration Testing Suites,token_count,11
102,Pegabox,https://github.com/sobri3195/Pegabox,Penetration Testing Suites,security_keyword_hits,1
102,Pegabox,https://github.com/sobri3195/Pegabox,Penetration Testing Suites,has_ai_signal,0
102,Pegabox,https://github.com/sobri3195/Pegabox,Penetration Testing Suites,has_web_signal,1
102,Pegabox,https://github.com/sobri3195/Pegabox,Penetration Testing Suites,has_mobile_signal,0
102,Pegabox,https://github.com/sobri3195/Pegabox,Penetration Testing Suites,has_osint_signal,0
102,Pegabox,https://github.com/sobri3195/Pegabox,Penetration Testing Suites,has_automation_signal,1
102,Pegabox,https://github.com/sobri3195/Pegabox,Penetration Testing Suites,description_length,74
102,Pegabox,https://github.com/sobri3195/Pegabox,Penetration Testing Suites,inferred_language,Unknown
103,pegasus-system,https://github.com/sobri3195/pegasus-system,Penetration Testing Suites,token_count,29
103,pegasus-system,https://github.com/sobri3195/pegasus-system,Penetration Testing Suites,security_keyword_hits,1
103,pegasus-system,https://github.com/sobri3195/pegasus-system,Penetration Testing Suites,has_ai_signal,0
103,pegasus-system,https://github.com/sobri3195/pegasus-system,Penetration Testing Suites,has_web_signal,0
103,pegasus-system,https://github.com/sobri3195/pegasus-system,Penetration Testing Suites,has_mobile_signal,0
103,pegasus-system,https://github.com/sobri3195/pegasus-system,Penetration Testing Suites,has_osint_signal,0
103,pegasus-system,https://github.com/sobri3195/pegasus-system,Penetration Testing Suites,has_automation_signal,1
103,pegasus-system,https://github.com/sobri3195/pegasus-system,Penetration Testing Suites,description_length,193
103,pegasus-system,https://github.com/sobri3195/pegasus-system,Penetration Testing Suites,inferred_language,Unknown
104,Pegasus-Xploit,https://github.com/sobri3195/Pegasus-Xploit,Penetration Testing Suites,token_count,18
104,Pegasus-Xploit,https://github.com/sobri3195/Pegasus-Xploit,Penetration Testing Suites,security_keyword_hits,1
104,Pegasus-Xploit,https://github.com/sobri3195/Pegasus-Xploit,Penetration Testing Suites,has_ai_signal,0
104,Pegasus-Xploit,https://github.com/sobri3195/Pegasus-Xploit,Penetration Testing Suites,has_web_signal,0
104,Pegasus-Xploit,https://github.com/sobri3195/Pegasus-Xploit,Penetration Testing Suites,has_mobile_signal,0
104,Pegasus-Xploit,https://github.com/sobri3195/Pegasus-Xploit,Penetration Testing Suites,has_osint_signal,0
104,Pegasus-Xploit,https://github.com/sobri3195/Pegasus-Xploit,Penetration Testing Suites,has_automation_signal,0
104,Pegasus-Xploit,https://github.com/sobri3195/Pegasus-Xploit,Penetration Testing Suites,description_length,135
104,Pegasus-Xploit,https://github.com/sobri3195/Pegasus-Xploit,Penetration Testing Suites,inferred_language,Unknown
105,pegasus-bar,https://github.com/sobri3195/pegasus-bar,Penetration Testing Suites,token_count,8
105,pegasus-bar,https://github.com/sobri3195/pegasus-bar,Penetration Testing Suites,security_keyword_hits,0
105,pegasus-bar,https://github.com/sobri3195/pegasus-bar,Penetration Testing Suites,has_ai_signal,0
105,pegasus-bar,https://github.com/sobri3195/pegasus-bar,Penetration Testing Suites,has_web_signal,1
105,pegasus-bar,https://github.com/sobri3195/pegasus-bar,Penetration Testing Suites,has_mobile_signal,0
105,pegasus-bar,https://github.com/sobri3195/pegasus-bar,Penetration Testing Suites,has_osint_signal,0
105,pegasus-bar,https://github.com/sobri3195/pegasus-bar,Penetration Testing Suites,has_automation_signal,0
105,pegasus-bar,https://github.com/sobri3195/pegasus-bar,Penetration Testing Suites,description_length,57
105,pegasus-bar,https://github.com/sobri3195/pegasus-bar,Penetration Testing Suites,inferred_language,Unknown
106,Pegasus-Super,https://github.com/sobri3195/Pegasus-Super,Penetration Testing Suites,token_count,23
106,Pegasus-Super,https://github.com/sobri3195/Pegasus-Super,Penetration Testing Suites,security_keyword_hits,2
106,Pegasus-Super,https://github.com/sobri3195/Pegasus-Super,Penetration Testing Suites,has_ai_signal,0
106,Pegasus-Super,https://github.com/sobri3195/Pegasus-Super,Penetration Testing Suites,has_web_signal,1
106,Pegasus-Super,https://github.com/sobri3195/Pegasus-Super,Penetration Testing Suites,has_mobile_signal,0
106,Pegasus-Super,https://github.com/sobri3195/Pegasus-Super,Penetration Testing Suites,has_osint_signal,0
106,Pegasus-Super,https://github.com/sobri3195/Pegasus-Super,Penetration Testing Suites,has_automation_signal,1
106,Pegasus-Super,https://github.com/sobri3195/Pegasus-Super,Penetration Testing Suites,description_length,163
106,Pegasus-Super,https://github.com/sobri3195/Pegasus-Super,Penetration Testing Suites,inferred_language,Python
107,pegasusbar,https://github.com/sobri3195/pegasusbar,Penetration Testing Suites,token_count,10
107,pegasusbar,https://github.com/sobri3195/pegasusbar,Penetration Testing Suites,security_keyword_hits,1
107,pegasusbar,https://github.com/sobri3195/pegasusbar,Penetration Testing Suites,has_ai_signal,0
107,pegasusbar,https://github.com/sobri3195/pegasusbar,Penetration Testing Suites,has_web_signal,0
107,pegasusbar,https://github.com/sobri3195/pegasusbar,Penetration Testing Suites,has_mobile_signal,0
107,pegasusbar,https://github.com/sobri3195/pegasusbar,Penetration Testing Suites,has_osint_signal,0
107,pegasusbar,https://github.com/sobri3195/pegasusbar,Penetration Testing Suites,has_automation_signal,0
107,pegasusbar,https://github.com/sobri3195/pegasusbar,Penetration Testing Suites,description_length,64
107,pegasusbar,https://github.com/sobri3195/pegasusbar,Penetration Testing Suites,inferred_language,Unknown
108,-Pegasus-Suite,https://github.com/sobri3195/-Pegasus-Suite,Penetration Testing Suites,token_count,12
108,-Pegasus-Suite,https://github.com/sobri3195/-Pegasus-Suite,Penetration Testing Suites,security_keyword_hits,2
108,-Pegasus-Suite,https://github.com/sobri3195/-Pegasus-Suite,Penetration Testing Suites,has_ai_signal,0
108,-Pegasus-Suite,https://github.com/sobri3195/-Pegasus-Suite,Penetration Testing Suites,has_web_signal,0
108,-Pegasus-Suite,https://github.com/sobri3195/-Pegasus-Suite,Penetration Testing Suites,has_mobile_signal,0
108,-Pegasus-Suite,https://github.com/sobri3195/-Pegasus-Suite,Penetration Testing Suites,has_osint_signal,0
108,-Pegasus-Suite,https://github.com/sobri3195/-Pegasus-Suite,Penetration Testing Suites,has_automation_signal,1
108,-Pegasus-Suite,https://github.com/sobri3195/-Pegasus-Suite,Penetration Testing Suites,description_length,94
108,-Pegasus-Suite,https://github.com/sobri3195/-Pegasus-Suite,Penetration Testing Suites,inferred_language,Unknown
109,awesome-manual-pentest,https://github.com/sobri3195/awesome-manual-pentest,Penetration Testing Suites,token_count,24
109,awesome-manual-pentest,https://github.com/sobri3195/awesome-manual-pentest,Penetration Testing Suites,security_keyword_hits,1
109,awesome-manual-pentest,https://github.com/sobri3195/awesome-manual-pentest,Penetration Testing Suites,has_ai_signal,0
109,awesome-manual-pentest,https://github.com/sobri3195/awesome-manual-pentest,Penetration Testing Suites,has_web_signal,1
109,awesome-manual-pentest,https://github.com/sobri3195/awesome-manual-pentest,Penetration Testing Suites,has_mobile_signal,0
109,awesome-manual-pentest,https://github.com/sobri3195/awesome-manual-pentest,Penetration Testing Suites,has_osint_signal,0
109,awesome-manual-pentest,https://github.com/sobri3195/awesome-manual-pentest,Penetration Testing Suites,has_automation_signal,0
109,awesome-manual-pentest,https://github.com/sobri3195/awesome-manual-pentest,Penetration Testing Suites,description_length,203
109,awesome-manual-pentest,https://github.com/sobri3195/awesome-manual-pentest,Penetration Testing Suites,inferred_language,Unknown
110,Pegasus-Senjata,https://github.com/sobri3195/Pegasus-Senjata,Penetration Testing Suites,token_count,19
110,Pegasus-Senjata,https://github.com/sobri3195/Pegasus-Senjata,Penetration Testing Suites,security_keyword_hits,1
110,Pegasus-Senjata,https://github.com/sobri3195/Pegasus-Senjata,Penetration Testing Suites,has_ai_signal,0
110,Pegasus-Senjata,https://github.com/sobri3195/Pegasus-Senjata,Penetration Testing Suites,has_web_signal,0
110,Pegasus-Senjata,https://github.com/sobri3195/Pegasus-Senjata,Penetration Testing Suites,has_mobile_signal,0
110,Pegasus-Senjata,https://github.com/sobri3195/Pegasus-Senjata,Penetration Testing Suites,has_osint_signal,0
110,Pegasus-Senjata,https://github.com/sobri3195/Pegasus-Senjata,Penetration Testing Suites,has_automation_signal,0
110,Pegasus-Senjata,https://github.com/sobri3195/Pegasus-Senjata,Penetration Testing Suites,description_length,163
110,Pegasus-Senjata,https://github.com/sobri3195/Pegasus-Senjata,Penetration Testing Suites,inferred_language,Python
111,Pegasushackingscript,https://github.com/sobri3195/Pegasushackingscript,Penetration Testing Suites,token_count,16
111,Pegasushackingscript,https://github.com/sobri3195/Pegasushackingscript,Penetration Testing Suites,security_keyword_hits,2
111,Pegasushackingscript,https://github.com/sobri3195/Pegasushackingscript,Penetration Testing Suites,has_ai_signal,0
111,Pegasushackingscript,https://github.com/sobri3195/Pegasushackingscript,Penetration Testing Suites,has_web_signal,0
111,Pegasushackingscript,https://github.com/sobri3195/Pegasushackingscript,Penetration Testing Suites,has_mobile_signal,0
111,Pegasushackingscript,https://github.com/sobri3195/Pegasushackingscript,Penetration Testing Suites,has_osint_signal,0
111,Pegasushackingscript,https://github.com/sobri3195/Pegasushackingscript,Penetration Testing Suites,has_automation_signal,1
111,Pegasushackingscript,https://github.com/sobri3195/Pegasushackingscript,Penetration Testing Suites,description_length,97
111,Pegasushackingscript,https://github.com/sobri3195/Pegasushackingscript,Penetration Testing Suites,inferred_language,Unknown
112,Pegasus---Forbidden-Buster,https://github.com/sobri3195/Pegasus---Forbidden-Buster,Penetration Testing Suites,token_count,18
112,Pegasus---Forbidden-Buster,https://github.com/sobri3195/Pegasus---Forbidden-Buster,Penetration Testing Suites,security_keyword_hits,0
112,Pegasus---Forbidden-Buster,https://github.com/sobri3195/Pegasus---Forbidden-Buster,Penetration Testing Suites,has_ai_signal,0
112,Pegasus---Forbidden-Buster,https://github.com/sobri3195/Pegasus---Forbidden-Buster,Penetration Testing Suites,has_web_signal,0
112,Pegasus---Forbidden-Buster,https://github.com/sobri3195/Pegasus---Forbidden-Buster,Penetration Testing Suites,has_mobile_signal,0
112,Pegasus---Forbidden-Buster,https://github.com/sobri3195/Pegasus---Forbidden-Buster,Penetration Testing Suites,has_osint_signal,0
112,Pegasus---Forbidden-Buster,https://github.com/sobri3195/Pegasus---Forbidden-Buster,Penetration Testing Suites,has_automation_signal,0
112,Pegasus---Forbidden-Buster,https://github.com/sobri3195/Pegasus---Forbidden-Buster,Penetration Testing Suites,description_length,126
112,Pegasus---Forbidden-Buster,https://github.com/sobri3195/Pegasus---Forbidden-Buster,Penetration Testing Suites,inferred_language,Unknown
113,pegasus-adaptif,https://github.com/sobri3195/pegasus-adaptif,Penetration Testing Suites,token_count,13
113,pegasus-adaptif,https://github.com/sobri3195/pegasus-adaptif,Penetration Testing Suites,security_keyword_hits,0
113,pegasus-adaptif,https://github.com/sobri3195/pegasus-adaptif,Penetration Testing Suites,has_ai_signal,0
113,pegasus-adaptif,https://github.com/sobri3195/pegasus-adaptif,Penetration Testing Suites,has_web_signal,1
113,pegasus-adaptif,https://github.com/sobri3195/pegasus-adaptif,Penetration Testing Suites,has_mobile_signal,0
113,pegasus-adaptif,https://github.com/sobri3195/pegasus-adaptif,Penetration Testing Suites,has_osint_signal,0
113,pegasus-adaptif,https://github.com/sobri3195/pegasus-adaptif,Penetration Testing Suites,has_automation_signal,1
113,pegasus-adaptif,https://github.com/sobri3195/pegasus-adaptif,Penetration Testing Suites,description_length,98
113,pegasus-adaptif,https://github.com/sobri3195/pegasus-adaptif,Penetration Testing Suites,inferred_language,Unknown
114,Pegasus-cgi,https://github.com/sobri3195/Pegasus-cgi,Penetration Testing Suites,token_count,4
114,Pegasus-cgi,https://github.com/sobri3195/Pegasus-cgi,Penetration Testing Suites,security_keyword_hits,2
114,Pegasus-cgi,https://github.com/sobri3195/Pegasus-cgi,Penetration Testing Suites,has_ai_signal,0
114,Pegasus-cgi,https://github.com/sobri3195/Pegasus-cgi,Penetration Testing Suites,has_web_signal,0
114,Pegasus-cgi,https://github.com/sobri3195/Pegasus-cgi,Penetration Testing Suites,has_mobile_signal,0
114,Pegasus-cgi,https://github.com/sobri3195/Pegasus-cgi,Penetration Testing Suites,has_osint_signal,0
114,Pegasus-cgi,https://github.com/sobri3195/Pegasus-cgi,Penetration Testing Suites,has_automation_signal,1
114,Pegasus-cgi,https://github.com/sobri3195/Pegasus-cgi,Penetration Testing Suites,description_length,29
114,Pegasus-cgi,https://github.com/sobri3195/Pegasus-cgi,Penetration Testing Suites,inferred_language,Unknown
115,Pegasus-Network-Exploitation-Toolkit,https://github.com/sobri3195/Pegasus-Network-Exploitation-Toolkit,Penetration Testing Suites,token_count,14
115,Pegasus-Network-Exploitation-Toolkit,https://github.com/sobri3195/Pegasus-Network-Exploitation-Toolkit,Penetration Testing Suites,security_keyword_hits,0
115,Pegasus-Network-Exploitation-Toolkit,https://github.com/sobri3195/Pegasus-Network-Exploitation-Toolkit,Penetration Testing Suites,has_ai_signal,0
115,Pegasus-Network-Exploitation-Toolkit,https://github.com/sobri3195/Pegasus-Network-Exploitation-Toolkit,Penetration Testing Suites,has_web_signal,0
115,Pegasus-Network-Exploitation-Toolkit,https://github.com/sobri3195/Pegasus-Network-Exploitation-Toolkit,Penetration Testing Suites,has_mobile_signal,0
115,Pegasus-Network-Exploitation-Toolkit,https://github.com/sobri3195/Pegasus-Network-Exploitation-Toolkit,Penetration Testing Suites,has_osint_signal,0
115,Pegasus-Network-Exploitation-Toolkit,https://github.com/sobri3195/Pegasus-Network-Exploitation-Toolkit,Penetration Testing Suites,has_automation_signal,1
115,Pegasus-Network-Exploitation-Toolkit,https://github.com/sobri3195/Pegasus-Network-Exploitation-Toolkit,Penetration Testing Suites,description_length,105
115,Pegasus-Network-Exploitation-Toolkit,https://github.com/sobri3195/Pegasus-Network-Exploitation-Toolkit,Penetration Testing Suites,inferred_language,Python
116,Pegasus-sobri,https://github.com/sobri3195/Pegasus-sobri,Penetration Testing Suites,token_count,16
116,Pegasus-sobri,https://github.com/sobri3195/Pegasus-sobri,Penetration Testing Suites,security_keyword_hits,1
116,Pegasus-sobri,https://github.com/sobri3195/Pegasus-sobri,Penetration Testing Suites,has_ai_signal,0
116,Pegasus-sobri,https://github.com/sobri3195/Pegasus-sobri,Penetration Testing Suites,has_web_signal,0
116,Pegasus-sobri,https://github.com/sobri3195/Pegasus-sobri,Penetration Testing Suites,has_mobile_signal,0
116,Pegasus-sobri,https://github.com/sobri3195/Pegasus-sobri,Penetration Testing Suites,has_osint_signal,0
116,Pegasus-sobri,https://github.com/sobri3195/Pegasus-sobri,Penetration Testing Suites,has_automation_signal,1
116,Pegasus-sobri,https://github.com/sobri3195/Pegasus-sobri,Penetration Testing Suites,description_length,108
116,Pegasus-sobri,https://github.com/sobri3195/Pegasus-sobri,Penetration Testing Suites,inferred_language,Unknown
117,Pegasus-Tester,https://github.com/sobri3195/Pegasus-Tester,Penetration Testing Suites,token_count,20
117,Pegasus-Tester,https://github.com/sobri3195/Pegasus-Tester,Penetration Testing Suites,security_keyword_hits,0
117,Pegasus-Tester,https://github.com/sobri3195/Pegasus-Tester,Penetration Testing Suites,has_ai_signal,0
117,Pegasus-Tester,https://github.com/sobri3195/Pegasus-Tester,Penetration Testing Suites,has_web_signal,1
117,Pegasus-Tester,https://github.com/sobri3195/Pegasus-Tester,Penetration Testing Suites,has_mobile_signal,0
117,Pegasus-Tester,https://github.com/sobri3195/Pegasus-Tester,Penetration Testing Suites,has_osint_signal,0
117,Pegasus-Tester,https://github.com/sobri3195/Pegasus-Tester,Penetration Testing Suites,has_automation_signal,1
117,Pegasus-Tester,https://github.com/sobri3195/Pegasus-Tester,Penetration Testing Suites,description_length,125
117,Pegasus-Tester,https://github.com/sobri3195/Pegasus-Tester,Penetration Testing Suites,inferred_language,Python
118,pegasuscrawler,https://github.com/sobri3195/pegasuscrawler,Penetration Testing Suites,token_count,28
118,pegasuscrawler,https://github.com/sobri3195/pegasuscrawler,Penetration Testing Suites,security_keyword_hits,2
118,pegasuscrawler,https://github.com/sobri3195/pegasuscrawler,Penetration Testing Suites,has_ai_signal,0
118,pegasuscrawler,https://github.com/sobri3195/pegasuscrawler,Penetration Testing Suites,has_web_signal,0
118,pegasuscrawler,https://github.com/sobri3195/pegasuscrawler,Penetration Testing Suites,has_mobile_signal,0
118,pegasuscrawler,https://github.com/sobri3195/pegasuscrawler,Penetration Testing Suites,has_osint_signal,0
118,pegasuscrawler,https://github.com/sobri3195/pegasuscrawler,Penetration Testing Suites,has_automation_signal,1
118,pegasuscrawler,https://github.com/sobri3195/pegasuscrawler,Penetration Testing Suites,description_length,171
118,pegasuscrawler,https://github.com/sobri3195/pegasuscrawler,Penetration Testing Suites,inferred_language,Unknown
119,Pegasus-BTS-Exploit,https://github.com/sobri3195/Pegasus-BTS-Exploit,Penetration Testing Suites,token_count,26
119,Pegasus-BTS-Exploit,https://github.com/sobri3195/Pegasus-BTS-Exploit,Penetration Testing Suites,security_keyword_hits,1
119,Pegasus-BTS-Exploit,https://github.com/sobri3195/Pegasus-BTS-Exploit,Penetration Testing Suites,has_ai_signal,0
119,Pegasus-BTS-Exploit,https://github.com/sobri3195/Pegasus-BTS-Exploit,Penetration Testing Suites,has_web_signal,0
119,Pegasus-BTS-Exploit,https://github.com/sobri3195/Pegasus-BTS-Exploit,Penetration Testing Suites,has_mobile_signal,0
119,Pegasus-BTS-Exploit,https://github.com/sobri3195/Pegasus-BTS-Exploit,Penetration Testing Suites,has_osint_signal,0
119,Pegasus-BTS-Exploit,https://github.com/sobri3195/Pegasus-BTS-Exploit,Penetration Testing Suites,has_automation_signal,1
119,Pegasus-BTS-Exploit,https://github.com/sobri3195/Pegasus-BTS-Exploit,Penetration Testing Suites,description_length,203
119,Pegasus-BTS-Exploit,https://github.com/sobri3195/Pegasus-BTS-Exploit,Penetration Testing Suites,inferred_language,Unknown
120,Pegasus-ExploitFusion,https://github.com/sobri3195/Pegasus-ExploitFusion,Penetration Testing Suites,token_count,25
120,Pegasus-ExploitFusion,https://github.com/sobri3195/Pegasus-ExploitFusion,Penetration Testing Suites,security_keyword_hits,0
120,Pegasus-ExploitFusion,https://github.com/sobri3195/Pegasus-ExploitFusion,Penetration Testing Suites,has_ai_signal,0
120,Pegasus-ExploitFusion,https://github.com/sobri3195/Pegasus-ExploitFusion,Penetration Testing Suites,has_web_signal,0
120,Pegasus-ExploitFusion,https://github.com/sobri3195/Pegasus-ExploitFusion,Penetration Testing Suites,has_mobile_signal,1
120,Pegasus-ExploitFusion,https://github.com/sobri3195/Pegasus-ExploitFusion,Penetration Testing Suites,has_osint_signal,0
120,Pegasus-ExploitFusion,https://github.com/sobri3195/Pegasus-ExploitFusion,Penetration Testing Suites,has_automation_signal,1
120,Pegasus-ExploitFusion,https://github.com/sobri3195/Pegasus-ExploitFusion,Penetration Testing Suites,description_length,203
120,Pegasus-ExploitFusion,https://github.com/sobri3195/Pegasus-ExploitFusion,Penetration Testing Suites,inferred_language,Unknown
121,pegasus-sniffer,https://github.com/sobri3195/pegasus-sniffer,Penetration Testing Suites,token_count,14
121,pegasus-sniffer,https://github.com/sobri3195/pegasus-sniffer,Penetration Testing Suites,security_keyword_hits,3
121,pegasus-sniffer,https://github.com/sobri3195/pegasus-sniffer,Penetration Testing Suites,has_ai_signal,0
121,pegasus-sniffer,https://github.com/sobri3195/pegasus-sniffer,Penetration Testing Suites,has_web_signal,0
121,pegasus-sniffer,https://github.com/sobri3195/pegasus-sniffer,Penetration Testing Suites,has_mobile_signal,0
121,pegasus-sniffer,https://github.com/sobri3195/pegasus-sniffer,Penetration Testing Suites,has_osint_signal,0
121,pegasus-sniffer,https://github.com/sobri3195/pegasus-sniffer,Penetration Testing Suites,has_automation_signal,0
121,pegasus-sniffer,https://github.com/sobri3195/pegasus-sniffer,Penetration Testing Suites,description_length,102
121,pegasus-sniffer,https://github.com/sobri3195/pegasus-sniffer,Penetration Testing Suites,inferred_language,Unknown
122,Pegasus-Social-Media-Recon,https://github.com/sobri3195/Pegasus-Social-Media-Recon,Penetration Testing Suites,token_count,25
122,Pegasus-Social-Media-Recon,https://github.com/sobri3195/Pegasus-Social-Media-Recon,Penetration Testing Suites,security_keyword_hits,1
122,Pegasus-Social-Media-Recon,https://github.com/sobri3195/Pegasus-Social-Media-Recon,Penetration Testing Suites,has_ai_signal,0
122,Pegasus-Social-Media-Recon,https://github.com/sobri3195/Pegasus-Social-Media-Recon,Penetration Testing Suites,has_web_signal,0
122,Pegasus-Social-Media-Recon,https://github.com/sobri3195/Pegasus-Social-Media-Recon,Penetration Testing Suites,has_mobile_signal,0
122,Pegasus-Social-Media-Recon,https://github.com/sobri3195/Pegasus-Social-Media-Recon,Penetration Testing Suites,has_osint_signal,1
122,Pegasus-Social-Media-Recon,https://github.com/sobri3195/Pegasus-Social-Media-Recon,Penetration Testing Suites,has_automation_signal,1
122,Pegasus-Social-Media-Recon,https://github.com/sobri3195/Pegasus-Social-Media-Recon,Penetration Testing Suites,description_length,203
122,Pegasus-Social-Media-Recon,https://github.com/sobri3195/Pegasus-Social-Media-Recon,Penetration Testing Suites,inferred_language,Unknown
123,Reverse-Shell-Payload-Generator-Web-Based-React-,https://github.com/sobri3195/Reverse-Shell-Payload-Generator-Web-Based-React-,Penetration Testing Suites,token_count,30
123,Reverse-Shell-Payload-Generator-Web-Based-React-,https://github.com/sobri3195/Reverse-Shell-Payload-Generator-Web-Based-React-,Penetration Testing Suites,security_keyword_hits,2
123,Reverse-Shell-Payload-Generator-Web-Based-React-,https://github.com/sobri3195/Reverse-Shell-Payload-Generator-Web-Based-React-,Penetration Testing Suites,has_ai_signal,0
123,Reverse-Shell-Payload-Generator-Web-Based-React-,https://github.com/sobri3195/Reverse-Shell-Payload-Generator-Web-Based-React-,Penetration Testing Suites,has_web_signal,0
123,Reverse-Shell-Payload-Generator-Web-Based-React-,https://github.com/sobri3195/Reverse-Shell-Payload-Generator-Web-Based-React-,Penetration Testing Suites,has_mobile_signal,0
123,Reverse-Shell-Payload-Generator-Web-Based-React-,https://github.com/sobri3195/Reverse-Shell-Payload-Generator-Web-Based-React-,Penetration Testing Suites,has_osint_signal,0
123,Reverse-Shell-Payload-Generator-Web-Based-React-,https://github.com/sobri3195/Reverse-Shell-Payload-Generator-Web-Based-React-,Penetration Testing Suites,has_automation_signal,0
123,Reverse-Shell-Payload-Generator-Web-Based-React-,https://github.com/sobri3195/Reverse-Shell-Payload-Generator-Web-Based-React-,Penetration Testing Suites,description_length,200
123,Reverse-Shell-Payload-Generator-Web-Based-React-,https://github.com/sobri3195/Reverse-Shell-Payload-Generator-Web-Based-React-,Penetration Testing Suites,inferred_language,Shell
124,pegasus-pentest-instagram,https://github.com/sobri3195/pegasus-pentest-instagram,Penetration Testing Suites,token_count,10
124,pegasus-pentest-instagram,https://github.com/sobri3195/pegasus-pentest-instagram,Penetration Testing Suites,security_keyword_hits,0
124,pegasus-pentest-instagram,https://github.com/sobri3195/pegasus-pentest-instagram,Penetration Testing Suites,has_ai_signal,0
124,pegasus-pentest-instagram,https://github.com/sobri3195/pegasus-pentest-instagram,Penetration Testing Suites,has_web_signal,0
124,pegasus-pentest-instagram,https://github.com/sobri3195/pegasus-pentest-instagram,Penetration Testing Suites,has_mobile_signal,0
124,pegasus-pentest-instagram,https://github.com/sobri3195/pegasus-pentest-instagram,Penetration Testing Suites,has_osint_signal,0
124,pegasus-pentest-instagram,https://github.com/sobri3195/pegasus-pentest-instagram,Penetration Testing Suites,has_automation_signal,1
124,pegasus-pentest-instagram,https://github.com/sobri3195/pegasus-pentest-instagram,Penetration Testing Suites,description_length,79
124,pegasus-pentest-instagram,https://github.com/sobri3195/pegasus-pentest-instagram,Penetration Testing Suites,inferred_language,Unknown
125,pegasus-radar-full,https://github.com/sobri3195/pegasus-radar-full,Penetration Testing Suites,token_count,14
125,pegasus-radar-full,https://github.com/sobri3195/pegasus-radar-full,Penetration Testing Suites,security_keyword_hits,0
125,pegasus-radar-full,https://github.com/sobri3195/pegasus-radar-full,Penetration Testing Suites,has_ai_signal,0
125,pegasus-radar-full,https://github.com/sobri3195/pegasus-radar-full,Penetration Testing Suites,has_web_signal,0
125,pegasus-radar-full,https://github.com/sobri3195/pegasus-radar-full,Penetration Testing Suites,has_mobile_signal,0
125,pegasus-radar-full,https://github.com/sobri3195/pegasus-radar-full,Penetration Testing Suites,has_osint_signal,0
125,pegasus-radar-full,https://github.com/sobri3195/pegasus-radar-full,Penetration Testing Suites,has_automation_signal,0
125,pegasus-radar-full,https://github.com/sobri3195/pegasus-radar-full,Penetration Testing Suites,description_length,95
125,pegasus-radar-full,https://github.com/sobri3195/pegasus-radar-full,Penetration Testing Suites,inferred_language,Unknown
126,pegasus-neo,https://github.com/sobri3195/pegasus-neo,AI & Machine Learning Security,token_count,25
126,pegasus-neo,https://github.com/sobri3195/pegasus-neo,AI & Machine Learning Security,security_keyword_hits,3
126,pegasus-neo,https://github.com/sobri3195/pegasus-neo,AI & Machine Learning Security,has_ai_signal,1
126,pegasus-neo,https://github.com/sobri3195/pegasus-neo,AI & Machine Learning Security,has_web_signal,0
126,pegasus-neo,https://github.com/sobri3195/pegasus-neo,AI & Machine Learning Security,has_mobile_signal,0
126,pegasus-neo,https://github.com/sobri3195/pegasus-neo,AI & Machine Learning Security,has_osint_signal,0
126,pegasus-neo,https://github.com/sobri3195/pegasus-neo,AI & Machine Learning Security,has_automation_signal,1
126,pegasus-neo,https://github.com/sobri3195/pegasus-neo,AI & Machine Learning Security,description_length,203
126,pegasus-neo,https://github.com/sobri3195/pegasus-neo,AI & Machine Learning Security,inferred_language,Unknown
127,pegasus-doxing,https://github.com/sobri3195/pegasus-doxing,AI & Machine Learning Security,token_count,31
127,pegasus-doxing,https://github.com/sobri3195/pegasus-doxing,AI & Machine Learning Security,security_keyword_hits,1
127,pegasus-doxing,https://github.com/sobri3195/pegasus-doxing,AI & Machine Learning Security,has_ai_signal,1
127,pegasus-doxing,https://github.com/sobri3195/pegasus-doxing,AI & Machine Learning Security,has_web_signal,0
127,pegasus-doxing,https://github.com/sobri3195/pegasus-doxing,AI & Machine Learning Security,has_mobile_signal,0
127,pegasus-doxing,https://github.com/sobri3195/pegasus-doxing,AI & Machine Learning Security,has_osint_signal,1
127,pegasus-doxing,https://github.com/sobri3195/pegasus-doxing,AI & Machine Learning Security,has_automation_signal,0
127,pegasus-doxing,https://github.com/sobri3195/pegasus-doxing,AI & Machine Learning Security,description_length,203
127,pegasus-doxing,https://github.com/sobri3195/pegasus-doxing,AI & Machine Learning Security,inferred_language,PHP
128,pegasus-lacak-ultimate,https://github.com/sobri3195/pegasus-lacak-ultimate,AI & Machine Learning Security,token_count,26
128,pegasus-lacak-ultimate,https://github.com/sobri3195/pegasus-lacak-ultimate,AI & Machine Learning Security,security_keyword_hits,1
128,pegasus-lacak-ultimate,https://github.com/sobri3195/pegasus-lacak-ultimate,AI & Machine Learning Security,has_ai_signal,1
128,pegasus-lacak-ultimate,https://github.com/sobri3195/pegasus-lacak-ultimate,AI & Machine Learning Security,has_web_signal,0
128,pegasus-lacak-ultimate,https://github.com/sobri3195/pegasus-lacak-ultimate,AI & Machine Learning Security,has_mobile_signal,0
128,pegasus-lacak-ultimate,https://github.com/sobri3195/pegasus-lacak-ultimate,AI & Machine Learning Security,has_osint_signal,1
128,pegasus-lacak-ultimate,https://github.com/sobri3195/pegasus-lacak-ultimate,AI & Machine Learning Security,has_automation_signal,1
128,pegasus-lacak-ultimate,https://github.com/sobri3195/pegasus-lacak-ultimate,AI & Machine Learning Security,description_length,203
128,pegasus-lacak-ultimate,https://github.com/sobri3195/pegasus-lacak-ultimate,AI & Machine Learning Security,inferred_language,Unknown
129,Pegasus-AllInOneTermux,https://github.com/sobri3195/Pegasus-AllInOneTermux,AI & Machine Learning Security,token_count,26
129,Pegasus-AllInOneTermux,https://github.com/sobri3195/Pegasus-AllInOneTermux,AI & Machine Learning Security,security_keyword_hits,1
129,Pegasus-AllInOneTermux,https://github.com/sobri3195/Pegasus-AllInOneTermux,AI & Machine Learning Security,has_ai_signal,1
129,Pegasus-AllInOneTermux,https://github.com/sobri3195/Pegasus-AllInOneTermux,AI & Machine Learning Security,has_web_signal,0
129,Pegasus-AllInOneTermux,https://github.com/sobri3195/Pegasus-AllInOneTermux,AI & Machine Learning Security,has_mobile_signal,1
129,Pegasus-AllInOneTermux,https://github.com/sobri3195/Pegasus-AllInOneTermux,AI & Machine Learning Security,has_osint_signal,0
129,Pegasus-AllInOneTermux,https://github.com/sobri3195/Pegasus-AllInOneTermux,AI & Machine Learning Security,has_automation_signal,1
129,Pegasus-AllInOneTermux,https://github.com/sobri3195/Pegasus-AllInOneTermux,AI & Machine Learning Security,description_length,203
129,Pegasus-AllInOneTermux,https://github.com/sobri3195/Pegasus-AllInOneTermux,AI & Machine Learning Security,inferred_language,Unknown
130,pegasus-ransomware,https://github.com/sobri3195/pegasus-ransomware,AI & Machine Learning Security,token_count,29
130,pegasus-ransomware,https://github.com/sobri3195/pegasus-ransomware,AI & Machine Learning Security,security_keyword_hits,1
130,pegasus-ransomware,https://github.com/sobri3195/pegasus-ransomware,AI & Machine Learning Security,has_ai_signal,0
130,pegasus-ransomware,https://github.com/sobri3195/pegasus-ransomware,AI & Machine Learning Security,has_web_signal,0
130,pegasus-ransomware,https://github.com/sobri3195/pegasus-ransomware,AI & Machine Learning Security,has_mobile_signal,0
130,pegasus-ransomware,https://github.com/sobri3195/pegasus-ransomware,AI & Machine Learning Security,has_osint_signal,0
130,pegasus-ransomware,https://github.com/sobri3195/pegasus-ransomware,AI & Machine Learning Security,has_automation_signal,0
130,pegasus-ransomware,https://github.com/sobri3195/pegasus-ransomware,AI & Machine Learning Security,description_length,203
130,pegasus-ransomware,https://github.com/sobri3195/pegasus-ransomware,AI & Machine Learning Security,inferred_language,Unknown
131,AMIR,https://github.com/sobri3195/AMIR,AI & Machine Learning Security,token_count,4
131,AMIR,https://github.com/sobri3195/AMIR,AI & Machine Learning Security,security_keyword_hits,0
131,AMIR,https://github.com/sobri3195/AMIR,AI & Machine Learning Security,has_ai_signal,1
131,AMIR,https://github.com/sobri3195/AMIR,AI & Machine Learning Security,has_web_signal,0
131,AMIR,https://github.com/sobri3195/AMIR,AI & Machine Learning Security,has_mobile_signal,0
131,AMIR,https://github.com/sobri3195/AMIR,AI & Machine Learning Security,has_osint_signal,0
131,AMIR,https://github.com/sobri3195/AMIR,AI & Machine Learning Security,has_automation_signal,0
131,AMIR,https://github.com/sobri3195/AMIR,AI & Machine Learning Security,description_length,20
131,AMIR,https://github.com/sobri3195/AMIR,AI & Machine Learning Security,inferred_language,Unknown
132,maintenance-page-pegasus,https://github.com/sobri3195/maintenance-page-pegasus,AI & Machine Learning Security,token_count,33
132,maintenance-page-pegasus,https://github.com/sobri3195/maintenance-page-pegasus,AI & Machine Learning Security,security_keyword_hits,0
132,maintenance-page-pegasus,https://github.com/sobri3195/maintenance-page-pegasus,AI & Machine Learning Security,has_ai_signal,1
132,maintenance-page-pegasus,https://github.com/sobri3195/maintenance-page-pegasus,AI & Machine Learning Security,has_web_signal,0
132,maintenance-page-pegasus,https://github.com/sobri3195/maintenance-page-pegasus,AI & Machine Learning Security,has_mobile_signal,0
132,maintenance-page-pegasus,https://github.com/sobri3195/maintenance-page-pegasus,AI & Machine Learning Security,has_osint_signal,0
132,maintenance-page-pegasus,https://github.com/sobri3195/maintenance-page-pegasus,AI & Machine Learning Security,has_automation_signal,0
132,maintenance-page-pegasus,https://github.com/sobri3195/maintenance-page-pegasus,AI & Machine Learning Security,description_length,203
132,maintenance-page-pegasus,https://github.com/sobri3195/maintenance-page-pegasus,AI & Machine Learning Security,inferred_language,Unknown
133,muhammad-sobri-maulana,https://github.com/sobri3195/muhammad-sobri-maulana,AI & Machine Learning Security,token_count,20
133,muhammad-sobri-maulana,https://github.com/sobri3195/muhammad-sobri-maulana,AI & Machine Learning Security,security_keyword_hits,0
133,muhammad-sobri-maulana,https://github.com/sobri3195/muhammad-sobri-maulana,AI & Machine Learning Security,has_ai_signal,1
133,muhammad-sobri-maulana,https://github.com/sobri3195/muhammad-sobri-maulana,AI & Machine Learning Security,has_web_signal,1
133,muhammad-sobri-maulana,https://github.com/sobri3195/muhammad-sobri-maulana,AI & Machine Learning Security,has_mobile_signal,0
133,muhammad-sobri-maulana,https://github.com/sobri3195/muhammad-sobri-maulana,AI & Machine Learning Security,has_osint_signal,0
133,muhammad-sobri-maulana,https://github.com/sobri3195/muhammad-sobri-maulana,AI & Machine Learning Security,has_automation_signal,0
133,muhammad-sobri-maulana,https://github.com/sobri3195/muhammad-sobri-maulana,AI & Machine Learning Security,description_length,164
133,muhammad-sobri-maulana,https://github.com/sobri3195/muhammad-sobri-maulana,AI & Machine Learning Security,inferred_language,Unknown
134,PEGASUS---Unified-Web-Vulnerability-Toolkit,https://github.com/sobri3195/PEGASUS---Unified-Web-Vulnerability-Toolkit,AI & Machine Learning Security,token_count,27
134,PEGASUS---Unified-Web-Vulnerability-Toolkit,https://github.com/sobri3195/PEGASUS---Unified-Web-Vulnerability-Toolkit,AI & Machine Learning Security,security_keyword_hits,0
134,PEGASUS---Unified-Web-Vulnerability-Toolkit,https://github.com/sobri3195/PEGASUS---Unified-Web-Vulnerability-Toolkit,AI & Machine Learning Security,has_ai_signal,0
134,PEGASUS---Unified-Web-Vulnerability-Toolkit,https://github.com/sobri3195/PEGASUS---Unified-Web-Vulnerability-Toolkit,AI & Machine Learning Security,has_web_signal,1
134,PEGASUS---Unified-Web-Vulnerability-Toolkit,https://github.com/sobri3195/PEGASUS---Unified-Web-Vulnerability-Toolkit,AI & Machine Learning Security,has_mobile_signal,0
134,PEGASUS---Unified-Web-Vulnerability-Toolkit,https://github.com/sobri3195/PEGASUS---Unified-Web-Vulnerability-Toolkit,AI & Machine Learning Security,has_osint_signal,0
134,PEGASUS---Unified-Web-Vulnerability-Toolkit,https://github.com/sobri3195/PEGASUS---Unified-Web-Vulnerability-Toolkit,AI & Machine Learning Security,has_automation_signal,0
134,PEGASUS---Unified-Web-Vulnerability-Toolkit,https://github.com/sobri3195/PEGASUS---Unified-Web-Vulnerability-Toolkit,AI & Machine Learning Security,description_length,203
134,PEGASUS---Unified-Web-Vulnerability-Toolkit,https://github.com/sobri3195/PEGASUS---Unified-Web-Vulnerability-Toolkit,AI & Machine Learning Security,inferred_language,Python
135,pegasus-main,https://github.com/sobri3195/pegasus-main,AI & Machine Learning Security,token_count,13
135,pegasus-main,https://github.com/sobri3195/pegasus-main,AI & Machine Learning Security,security_keyword_hits,0
135,pegasus-main,https://github.com/sobri3195/pegasus-main,AI & Machine Learning Security,has_ai_signal,1
135,pegasus-main,https://github.com/sobri3195/pegasus-main,AI & Machine Learning Security,has_web_signal,0
135,pegasus-main,https://github.com/sobri3195/pegasus-main,AI & Machine Learning Security,has_mobile_signal,0
135,pegasus-main,https://github.com/sobri3195/pegasus-main,AI & Machine Learning Security,has_osint_signal,0
135,pegasus-main,https://github.com/sobri3195/pegasus-main,AI & Machine Learning Security,has_automation_signal,0
135,pegasus-main,https://github.com/sobri3195/pegasus-main,AI & Machine Learning Security,description_length,103
135,pegasus-main,https://github.com/sobri3195/pegasus-main,AI & Machine Learning Security,inferred_language,Unknown
136,Pegasus-Wedding-Website,https://github.com/sobri3195/Pegasus-Wedding-Website,AI & Machine Learning Security,token_count,31
136,Pegasus-Wedding-Website,https://github.com/sobri3195/Pegasus-Wedding-Website,AI & Machine Learning Security,security_keyword_hits,0
136,Pegasus-Wedding-Website,https://github.com/sobri3195/Pegasus-Wedding-Website,AI & Machine Learning Security,has_ai_signal,1
136,Pegasus-Wedding-Website,https://github.com/sobri3195/Pegasus-Wedding-Website,AI & Machine Learning Security,has_web_signal,1
136,Pegasus-Wedding-Website,https://github.com/sobri3195/Pegasus-Wedding-Website,AI & Machine Learning Security,has_mobile_signal,0
136,Pegasus-Wedding-Website,https://github.com/sobri3195/Pegasus-Wedding-Website,AI & Machine Learning Security,has_osint_signal,0
136,Pegasus-Wedding-Website,https://github.com/sobri3195/Pegasus-Wedding-Website,AI & Machine Learning Security,has_automation_signal,0
136,Pegasus-Wedding-Website,https://github.com/sobri3195/Pegasus-Wedding-Website,AI & Machine Learning Security,description_length,203
136,Pegasus-Wedding-Website,https://github.com/sobri3195/Pegasus-Wedding-Website,AI & Machine Learning Security,inferred_language,Unknown
137,frontend_test_main,https://github.com/sobri3195/frontend_test_main,AI & Machine Learning Security,token_count,8
137,frontend_test_main,https://github.com/sobri3195/frontend_test_main,AI & Machine Learning Security,security_keyword_hits,0
137,frontend_test_main,https://github.com/sobri3195/frontend_test_main,AI & Machine Learning Security,has_ai_signal,0
137,frontend_test_main,https://github.com/sobri3195/frontend_test_main,AI & Machine Learning Security,has_web_signal,0
137,frontend_test_main,https://github.com/sobri3195/frontend_test_main,AI & Machine Learning Security,has_mobile_signal,0
137,frontend_test_main,https://github.com/sobri3195/frontend_test_main,AI & Machine Learning Security,has_osint_signal,0
137,frontend_test_main,https://github.com/sobri3195/frontend_test_main,AI & Machine Learning Security,has_automation_signal,0
137,frontend_test_main,https://github.com/sobri3195/frontend_test_main,AI & Machine Learning Security,description_length,48
137,frontend_test_main,https://github.com/sobri3195/frontend_test_main,AI & Machine Learning Security,inferred_language,Unknown
138,Kaisyam-s-1000-Days-Dashboard,https://github.com/sobri3195/Kaisyam-s-1000-Days-Dashboard,AI & Machine Learning Security,token_count,27
138,Kaisyam-s-1000-Days-Dashboard,https://github.com/sobri3195/Kaisyam-s-1000-Days-Dashboard,AI & Machine Learning Security,security_keyword_hits,0
138,Kaisyam-s-1000-Days-Dashboard,https://github.com/sobri3195/Kaisyam-s-1000-Days-Dashboard,AI & Machine Learning Security,has_ai_signal,1
138,Kaisyam-s-1000-Days-Dashboard,https://github.com/sobri3195/Kaisyam-s-1000-Days-Dashboard,AI & Machine Learning Security,has_web_signal,0
138,Kaisyam-s-1000-Days-Dashboard,https://github.com/sobri3195/Kaisyam-s-1000-Days-Dashboard,AI & Machine Learning Security,has_mobile_signal,0
138,Kaisyam-s-1000-Days-Dashboard,https://github.com/sobri3195/Kaisyam-s-1000-Days-Dashboard,AI & Machine Learning Security,has_osint_signal,0
138,Kaisyam-s-1000-Days-Dashboard,https://github.com/sobri3195/Kaisyam-s-1000-Days-Dashboard,AI & Machine Learning Security,has_automation_signal,0
138,Kaisyam-s-1000-Days-Dashboard,https://github.com/sobri3195/Kaisyam-s-1000-Days-Dashboard,AI & Machine Learning Security,description_length,170
138,Kaisyam-s-1000-Days-Dashboard,https://github.com/sobri3195/Kaisyam-s-1000-Days-Dashboard,AI & Machine Learning Security,inferred_language,Unknown
139,kugen,https://github.com/sobri3195/kugen,AI & Machine Learning Security,token_count,4
139,kugen,https://github.com/sobri3195/kugen,AI & Machine Learning Security,security_keyword_hits,0
139,kugen,https://github.com/sobri3195/kugen,AI & Machine Learning Security,has_ai_signal,1
139,kugen,https://github.com/sobri3195/kugen,AI & Machine Learning Security,has_web_signal,0
139,kugen,https://github.com/sobri3195/kugen,AI & Machine Learning Security,has_mobile_signal,0
139,kugen,https://github.com/sobri3195/kugen,AI & Machine Learning Security,has_osint_signal,0
139,kugen,https://github.com/sobri3195/kugen,AI & Machine Learning Security,has_automation_signal,0
139,kugen,https://github.com/sobri3195/kugen,AI & Machine Learning Security,description_length,37
139,kugen,https://github.com/sobri3195/kugen,AI & Machine Learning Security,inferred_language,Unknown
140,OSINT-Pegasus-Spy,https://github.com/sobri3195/OSINT-Pegasus-Spy,AI & Machine Learning Security,token_count,24
140,OSINT-Pegasus-Spy,https://github.com/sobri3195/OSINT-Pegasus-Spy,AI & Machine Learning Security,security_keyword_hits,1
140,OSINT-Pegasus-Spy,https://github.com/sobri3195/OSINT-Pegasus-Spy,AI & Machine Learning Security,has_ai_signal,1
140,OSINT-Pegasus-Spy,https://github.com/sobri3195/OSINT-Pegasus-Spy,AI & Machine Learning Security,has_web_signal,0
140,OSINT-Pegasus-Spy,https://github.com/sobri3195/OSINT-Pegasus-Spy,AI & Machine Learning Security,has_mobile_signal,0
140,OSINT-Pegasus-Spy,https://github.com/sobri3195/OSINT-Pegasus-Spy,AI & Machine Learning Security,has_osint_signal,1
140,OSINT-Pegasus-Spy,https://github.com/sobri3195/OSINT-Pegasus-Spy,AI & Machine Learning Security,has_automation_signal,0
140,OSINT-Pegasus-Spy,https://github.com/sobri3195/OSINT-Pegasus-Spy,AI & Machine Learning Security,description_length,203
140,OSINT-Pegasus-Spy,https://github.com/sobri3195/OSINT-Pegasus-Spy,AI & Machine Learning Security,inferred_language,Unknown
141,pega-email,https://github.com/sobri3195/pega-email,AI & Machine Learning Security,token_count,11
141,pega-email,https://github.com/sobri3195/pega-email,AI & Machine Learning Security,security_keyword_hits,0
141,pega-email,https://github.com/sobri3195/pega-email,AI & Machine Learning Security,has_ai_signal,1
141,pega-email,https://github.com/sobri3195/pega-email,AI & Machine Learning Security,has_web_signal,0
141,pega-email,https://github.com/sobri3195/pega-email,AI & Machine Learning Security,has_mobile_signal,0
141,pega-email,https://github.com/sobri3195/pega-email,AI & Machine Learning Security,has_osint_signal,0
141,pega-email,https://github.com/sobri3195/pega-email,AI & Machine Learning Security,has_automation_signal,1
141,pega-email,https://github.com/sobri3195/pega-email,AI & Machine Learning Security,description_length,66
141,pega-email,https://github.com/sobri3195/pega-email,AI & Machine Learning Security,inferred_language,Python
142,pegasus-AI-Echocardiography,https://github.com/sobri3195/pegasus-AI-Echocardiography,AI & Machine Learning Security,token_count,14
142,pegasus-AI-Echocardiography,https://github.com/sobri3195/pegasus-AI-Echocardiography,AI & Machine Learning Security,security_keyword_hits,0
142,pegasus-AI-Echocardiography,https://github.com/sobri3195/pegasus-AI-Echocardiography,AI & Machine Learning Security,has_ai_signal,1
142,pegasus-AI-Echocardiography,https://github.com/sobri3195/pegasus-AI-Echocardiography,AI & Machine Learning Security,has_web_signal,0
142,pegasus-AI-Echocardiography,https://github.com/sobri3195/pegasus-AI-Echocardiography,AI & Machine Learning Security,has_mobile_signal,0
142,pegasus-AI-Echocardiography,https://github.com/sobri3195/pegasus-AI-Echocardiography,AI & Machine Learning Security,has_osint_signal,0
142,pegasus-AI-Echocardiography,https://github.com/sobri3195/pegasus-AI-Echocardiography,AI & Machine Learning Security,has_automation_signal,0
142,pegasus-AI-Echocardiography,https://github.com/sobri3195/pegasus-AI-Echocardiography,AI & Machine Learning Security,description_length,86
142,pegasus-AI-Echocardiography,https://github.com/sobri3195/pegasus-AI-Echocardiography,AI & Machine Learning Security,inferred_language,Unknown
143,pegasus-backdoor,https://github.com/sobri3195/pegasus-backdoor,AI & Machine Learning Security,token_count,26
143,pegasus-backdoor,https://github.com/sobri3195/pegasus-backdoor,AI & Machine Learning Security,security_keyword_hits,0
143,pegasus-backdoor,https://github.com/sobri3195/pegasus-backdoor,AI & Machine Learning Security,has_ai_signal,1
143,pegasus-backdoor,https://github.com/sobri3195/pegasus-backdoor,AI & Machine Learning Security,has_web_signal,0
143,pegasus-backdoor,https://github.com/sobri3195/pegasus-backdoor,AI & Machine Learning Security,has_mobile_signal,0
143,pegasus-backdoor,https://github.com/sobri3195/pegasus-backdoor,AI & Machine Learning Security,has_osint_signal,0
143,pegasus-backdoor,https://github.com/sobri3195/pegasus-backdoor,AI & Machine Learning Security,has_automation_signal,0
143,pegasus-backdoor,https://github.com/sobri3195/pegasus-backdoor,AI & Machine Learning Security,description_length,203
143,pegasus-backdoor,https://github.com/sobri3195/pegasus-backdoor,AI & Machine Learning Security,inferred_language,Unknown
144,pegasus-download,https://github.com/sobri3195/pegasus-download,AI & Machine Learning Security,token_count,29
144,pegasus-download,https://github.com/sobri3195/pegasus-download,AI & Machine Learning Security,security_keyword_hits,0
144,pegasus-download,https://github.com/sobri3195/pegasus-download,AI & Machine Learning Security,has_ai_signal,0
144,pegasus-download,https://github.com/sobri3195/pegasus-download,AI & Machine Learning Security,has_web_signal,0
144,pegasus-download,https://github.com/sobri3195/pegasus-download,AI & Machine Learning Security,has_mobile_signal,0
144,pegasus-download,https://github.com/sobri3195/pegasus-download,AI & Machine Learning Security,has_osint_signal,0
144,pegasus-download,https://github.com/sobri3195/pegasus-download,AI & Machine Learning Security,has_automation_signal,0
144,pegasus-download,https://github.com/sobri3195/pegasus-download,AI & Machine Learning Security,description_length,203
144,pegasus-download,https://github.com/sobri3195/pegasus-download,AI & Machine Learning Security,inferred_language,Unknown
145,Pegasus-DoxStream,https://github.com/sobri3195/Pegasus-DoxStream,AI & Machine Learning Security,token_count,26
145,Pegasus-DoxStream,https://github.com/sobri3195/Pegasus-DoxStream,AI & Machine Learning Security,security_keyword_hits,2
145,Pegasus-DoxStream,https://github.com/sobri3195/Pegasus-DoxStream,AI & Machine Learning Security,has_ai_signal,0
145,Pegasus-DoxStream,https://github.com/sobri3195/Pegasus-DoxStream,AI & Machine Learning Security,has_web_signal,0
145,Pegasus-DoxStream,https://github.com/sobri3195/Pegasus-DoxStream,AI & Machine Learning Security,has_mobile_signal,0
145,Pegasus-DoxStream,https://github.com/sobri3195/Pegasus-DoxStream,AI & Machine Learning Security,has_osint_signal,1
145,Pegasus-DoxStream,https://github.com/sobri3195/Pegasus-DoxStream,AI & Machine Learning Security,has_automation_signal,0
145,Pegasus-DoxStream,https://github.com/sobri3195/Pegasus-DoxStream,AI & Machine Learning Security,description_length,203
145,Pegasus-DoxStream,https://github.com/sobri3195/Pegasus-DoxStream,AI & Machine Learning Security,inferred_language,Python
146,pegasus-flipbook,https://github.com/sobri3195/pegasus-flipbook,AI & Machine Learning Security,token_count,31
146,pegasus-flipbook,https://github.com/sobri3195/pegasus-flipbook,AI & Machine Learning Security,security_keyword_hits,0
146,pegasus-flipbook,https://github.com/sobri3195/pegasus-flipbook,AI & Machine Learning Security,has_ai_signal,0
146,pegasus-flipbook,https://github.com/sobri3195/pegasus-flipbook,AI & Machine Learning Security,has_web_signal,0
146,pegasus-flipbook,https://github.com/sobri3195/pegasus-flipbook,AI & Machine Learning Security,has_mobile_signal,0
146,pegasus-flipbook,https://github.com/sobri3195/pegasus-flipbook,AI & Machine Learning Security,has_osint_signal,0
146,pegasus-flipbook,https://github.com/sobri3195/pegasus-flipbook,AI & Machine Learning Security,has_automation_signal,0
146,pegasus-flipbook,https://github.com/sobri3195/pegasus-flipbook,AI & Machine Learning Security,description_length,203
146,pegasus-flipbook,https://github.com/sobri3195/pegasus-flipbook,AI & Machine Learning Security,inferred_language,HTML
147,Pegasus-GetContact,https://github.com/sobri3195/Pegasus-GetContact,AI & Machine Learning Security,token_count,28
147,Pegasus-GetContact,https://github.com/sobri3195/Pegasus-GetContact,AI & Machine Learning Security,security_keyword_hits,0
147,Pegasus-GetContact,https://github.com/sobri3195/Pegasus-GetContact,AI & Machine Learning Security,has_ai_signal,0
147,Pegasus-GetContact,https://github.com/sobri3195/Pegasus-GetContact,AI & Machine Learning Security,has_web_signal,1
147,Pegasus-GetContact,https://github.com/sobri3195/Pegasus-GetContact,AI & Machine Learning Security,has_mobile_signal,0
147,Pegasus-GetContact,https://github.com/sobri3195/Pegasus-GetContact,AI & Machine Learning Security,has_osint_signal,0
147,Pegasus-GetContact,https://github.com/sobri3195/Pegasus-GetContact,AI & Machine Learning Security,has_automation_signal,0
147,Pegasus-GetContact,https://github.com/sobri3195/Pegasus-GetContact,AI & Machine Learning Security,description_length,203
147,Pegasus-GetContact,https://github.com/sobri3195/Pegasus-GetContact,AI & Machine Learning Security,inferred_language,Python
148,Pegasus-Image-Metadata-Generator-using-AI,https://github.com/sobri3195/Pegasus-Image-Metadata-Generator-using-AI,AI & Machine Learning Security,token_count,30
148,Pegasus-Image-Metadata-Generator-using-AI,https://github.com/sobri3195/Pegasus-Image-Metadata-Generator-using-AI,AI & Machine Learning Security,security_keyword_hits,0
148,Pegasus-Image-Metadata-Generator-using-AI,https://github.com/sobri3195/Pegasus-Image-Metadata-Generator-using-AI,AI & Machine Learning Security,has_ai_signal,1
148,Pegasus-Image-Metadata-Generator-using-AI,https://github.com/sobri3195/Pegasus-Image-Metadata-Generator-using-AI,AI & Machine Learning Security,has_web_signal,0
148,Pegasus-Image-Metadata-Generator-using-AI,https://github.com/sobri3195/Pegasus-Image-Metadata-Generator-using-AI,AI & Machine Learning Security,has_mobile_signal,0
148,Pegasus-Image-Metadata-Generator-using-AI,https://github.com/sobri3195/Pegasus-Image-Metadata-Generator-using-AI,AI & Machine Learning Security,has_osint_signal,0
148,Pegasus-Image-Metadata-Generator-using-AI,https://github.com/sobri3195/Pegasus-Image-Metadata-Generator-using-AI,AI & Machine Learning Security,has_automation_signal,1
148,Pegasus-Image-Metadata-Generator-using-AI,https://github.com/sobri3195/Pegasus-Image-Metadata-Generator-using-AI,AI & Machine Learning Security,description_length,203
148,Pegasus-Image-Metadata-Generator-using-AI,https://github.com/sobri3195/Pegasus-Image-Metadata-Generator-using-AI,AI & Machine Learning Security,inferred_language,Unknown
149,PegasusPhisher,https://github.com/sobri3195/PegasusPhisher,AI & Machine Learning Security,token_count,20
149,PegasusPhisher,https://github.com/sobri3195/PegasusPhisher,AI & Machine Learning Security,security_keyword_hits,1
149,PegasusPhisher,https://github.com/sobri3195/PegasusPhisher,AI & Machine Learning Security,has_ai_signal,1
149,PegasusPhisher,https://github.com/sobri3195/PegasusPhisher,AI & Machine Learning Security,has_web_signal,1
149,PegasusPhisher,https://github.com/sobri3195/PegasusPhisher,AI & Machine Learning Security,has_mobile_signal,0
149,PegasusPhisher,https://github.com/sobri3195/PegasusPhisher,AI & Machine Learning Security,has_osint_signal,0
149,PegasusPhisher,https://github.com/sobri3195/PegasusPhisher,AI & Machine Learning Security,has_automation_signal,1
149,PegasusPhisher,https://github.com/sobri3195/PegasusPhisher,AI & Machine Learning Security,description_length,150
149,PegasusPhisher,https://github.com/sobri3195/PegasusPhisher,AI & Machine Learning Security,inferred_language,JavaScript
150,classifiedlocalsearch,https://github.com/sobri3195/classifiedlocalsearch,AI & Machine Learning Security,token_count,26
150,classifiedlocalsearch,https://github.com/sobri3195/classifiedlocalsearch,AI & Machine Learning Security,security_keyword_hits,0
150,classifiedlocalsearch,https://github.com/sobri3195/classifiedlocalsearch,AI & Machine Learning Security,has_ai_signal,1
150,classifiedlocalsearch,https://github.com/sobri3195/classifiedlocalsearch,AI & Machine Learning Security,has_web_signal,0
150,classifiedlocalsearch,https://github.com/sobri3195/classifiedlocalsearch,AI & Machine Learning Security,has_mobile_signal,0
150,classifiedlocalsearch,https://github.com/sobri3195/classifiedlocalsearch,AI & Machine Learning Security,has_osint_signal,0
150,classifiedlocalsearch,https://github.com/sobri3195/classifiedlocalsearch,AI & Machine Learning Security,has_automation_signal,0
150,classifiedlocalsearch,https://github.com/sobri3195/classifiedlocalsearch,AI & Machine Learning Security,description_length,177
150,classifiedlocalsearch,https://github.com/sobri3195/classifiedlocalsearch,AI & Machine Learning Security,inferred_language,Unknown
151,instantdomainsearch,https://github.com/sobri3195/instantdomainsearch,AI & Machine Learning Security,token_count,17
151,instantdomainsearch,https://github.com/sobri3195/instantdomainsearch,AI & Machine Learning Security,security_keyword_hits,0
151,instantdomainsearch,https://github.com/sobri3195/instantdomainsearch,AI & Machine Learning Security,has_ai_signal,1
151,instantdomainsearch,https://github.com/sobri3195/instantdomainsearch,AI & Machine Learning Security,has_web_signal,0
151,instantdomainsearch,https://github.com/sobri3195/instantdomainsearch,AI & Machine Learning Security,has_mobile_signal,0
151,instantdomainsearch,https://github.com/sobri3195/instantdomainsearch,AI & Machine Learning Security,has_osint_signal,0
151,instantdomainsearch,https://github.com/sobri3195/instantdomainsearch,AI & Machine Learning Security,has_automation_signal,0
151,instantdomainsearch,https://github.com/sobri3195/instantdomainsearch,AI & Machine Learning Security,description_length,112
151,instantdomainsearch,https://github.com/sobri3195/instantdomainsearch,AI & Machine Learning Security,inferred_language,PHP
152,pegasus-botwhatsapp,https://github.com/sobri3195/pegasus-botwhatsapp,AI & Machine Learning Security,token_count,28
152,pegasus-botwhatsapp,https://github.com/sobri3195/pegasus-botwhatsapp,AI & Machine Learning Security,security_keyword_hits,0
152,pegasus-botwhatsapp,https://github.com/sobri3195/pegasus-botwhatsapp,AI & Machine Learning Security,has_ai_signal,0
152,pegasus-botwhatsapp,https://github.com/sobri3195/pegasus-botwhatsapp,AI & Machine Learning Security,has_web_signal,0
152,pegasus-botwhatsapp,https://github.com/sobri3195/pegasus-botwhatsapp,AI & Machine Learning Security,has_mobile_signal,0
152,pegasus-botwhatsapp,https://github.com/sobri3195/pegasus-botwhatsapp,AI & Machine Learning Security,has_osint_signal,0
152,pegasus-botwhatsapp,https://github.com/sobri3195/pegasus-botwhatsapp,AI & Machine Learning Security,has_automation_signal,0
152,pegasus-botwhatsapp,https://github.com/sobri3195/pegasus-botwhatsapp,AI & Machine Learning Security,description_length,203
152,pegasus-botwhatsapp,https://github.com/sobri3195/pegasus-botwhatsapp,AI & Machine Learning Security,inferred_language,Unknown
153,Pegasus-DNS,https://github.com/sobri3195/Pegasus-DNS,AI & Machine Learning Security,token_count,14
153,Pegasus-DNS,https://github.com/sobri3195/Pegasus-DNS,AI & Machine Learning Security,security_keyword_hits,1
153,Pegasus-DNS,https://github.com/sobri3195/Pegasus-DNS,AI & Machine Learning Security,has_ai_signal,1
153,Pegasus-DNS,https://github.com/sobri3195/Pegasus-DNS,AI & Machine Learning Security,has_web_signal,0
153,Pegasus-DNS,https://github.com/sobri3195/Pegasus-DNS,AI & Machine Learning Security,has_mobile_signal,0
153,Pegasus-DNS,https://github.com/sobri3195/Pegasus-DNS,AI & Machine Learning Security,has_osint_signal,0
153,Pegasus-DNS,https://github.com/sobri3195/Pegasus-DNS,AI & Machine Learning Security,has_automation_signal,0
153,Pegasus-DNS,https://github.com/sobri3195/Pegasus-DNS,AI & Machine Learning Security,description_length,109
153,Pegasus-DNS,https://github.com/sobri3195/Pegasus-DNS,AI & Machine Learning Security,inferred_language,Unknown
154,pegasus-hacker,https://github.com/sobri3195/pegasus-hacker,AI & Machine Learning Security,token_count,20
154,pegasus-hacker,https://github.com/sobri3195/pegasus-hacker,AI & Machine Learning Security,security_keyword_hits,2
154,pegasus-hacker,https://github.com/sobri3195/pegasus-hacker,AI & Machine Learning Security,has_ai_signal,1
154,pegasus-hacker,https://github.com/sobri3195/pegasus-hacker,AI & Machine Learning Security,has_web_signal,0
154,pegasus-hacker,https://github.com/sobri3195/pegasus-hacker,AI & Machine Learning Security,has_mobile_signal,0
154,pegasus-hacker,https://github.com/sobri3195/pegasus-hacker,AI & Machine Learning Security,has_osint_signal,0
154,pegasus-hacker,https://github.com/sobri3195/pegasus-hacker,AI & Machine Learning Security,has_automation_signal,0
154,pegasus-hacker,https://github.com/sobri3195/pegasus-hacker,AI & Machine Learning Security,description_length,179
154,pegasus-hacker,https://github.com/sobri3195/pegasus-hacker,AI & Machine Learning Security,inferred_language,Unknown
155,pegasus-IR-AR,https://github.com/sobri3195/pegasus-IR-AR,AI & Machine Learning Security,token_count,28
155,pegasus-IR-AR,https://github.com/sobri3195/pegasus-IR-AR,AI & Machine Learning Security,security_keyword_hits,0
155,pegasus-IR-AR,https://github.com/sobri3195/pegasus-IR-AR,AI & Machine Learning Security,has_ai_signal,1
155,pegasus-IR-AR,https://github.com/sobri3195/pegasus-IR-AR,AI & Machine Learning Security,has_web_signal,0
155,pegasus-IR-AR,https://github.com/sobri3195/pegasus-IR-AR,AI & Machine Learning Security,has_mobile_signal,0
155,pegasus-IR-AR,https://github.com/sobri3195/pegasus-IR-AR,AI & Machine Learning Security,has_osint_signal,0
155,pegasus-IR-AR,https://github.com/sobri3195/pegasus-IR-AR,AI & Machine Learning Security,has_automation_signal,0
155,pegasus-IR-AR,https://github.com/sobri3195/pegasus-IR-AR,AI & Machine Learning Security,description_length,203
155,pegasus-IR-AR,https://github.com/sobri3195/pegasus-IR-AR,AI & Machine Learning Security,inferred_language,Unknown
156,pegasus-rat-ulti,https://github.com/sobri3195/pegasus-rat-ulti,AI & Machine Learning Security,token_count,30
156,pegasus-rat-ulti,https://github.com/sobri3195/pegasus-rat-ulti,AI & Machine Learning Security,security_keyword_hits,0
156,pegasus-rat-ulti,https://github.com/sobri3195/pegasus-rat-ulti,AI & Machine Learning Security,has_ai_signal,1
156,pegasus-rat-ulti,https://github.com/sobri3195/pegasus-rat-ulti,AI & Machine Learning Security,has_web_signal,0
156,pegasus-rat-ulti,https://github.com/sobri3195/pegasus-rat-ulti,AI & Machine Learning Security,has_mobile_signal,0
156,pegasus-rat-ulti,https://github.com/sobri3195/pegasus-rat-ulti,AI & Machine Learning Security,has_osint_signal,0
156,pegasus-rat-ulti,https://github.com/sobri3195/pegasus-rat-ulti,AI & Machine Learning Security,has_automation_signal,0
156,pegasus-rat-ulti,https://github.com/sobri3195/pegasus-rat-ulti,AI & Machine Learning Security,description_length,203
156,pegasus-rat-ulti,https://github.com/sobri3195/pegasus-rat-ulti,AI & Machine Learning Security,inferred_language,Unknown
157,PegasusAI-verse1,https://github.com/sobri3195/PegasusAI-verse1,AI & Machine Learning Security,token_count,5
157,PegasusAI-verse1,https://github.com/sobri3195/PegasusAI-verse1,AI & Machine Learning Security,security_keyword_hits,0
157,PegasusAI-verse1,https://github.com/sobri3195/PegasusAI-verse1,AI & Machine Learning Security,has_ai_signal,1
157,PegasusAI-verse1,https://github.com/sobri3195/PegasusAI-verse1,AI & Machine Learning Security,has_web_signal,0
157,PegasusAI-verse1,https://github.com/sobri3195/PegasusAI-verse1,AI & Machine Learning Security,has_mobile_signal,0
157,PegasusAI-verse1,https://github.com/sobri3195/PegasusAI-verse1,AI & Machine Learning Security,has_osint_signal,0
157,PegasusAI-verse1,https://github.com/sobri3195/PegasusAI-verse1,AI & Machine Learning Security,has_automation_signal,0
157,PegasusAI-verse1,https://github.com/sobri3195/PegasusAI-verse1,AI & Machine Learning Security,description_length,29
157,PegasusAI-verse1,https://github.com/sobri3195/PegasusAI-verse1,AI & Machine Learning Security,inferred_language,Unknown
158,pegasuswisc,https://github.com/sobri3195/pegasuswisc,AI & Machine Learning Security,token_count,8
158,pegasuswisc,https://github.com/sobri3195/pegasuswisc,AI & Machine Learning Security,security_keyword_hits,1
158,pegasuswisc,https://github.com/sobri3195/pegasuswisc,AI & Machine Learning Security,has_ai_signal,1
158,pegasuswisc,https://github.com/sobri3195/pegasuswisc,AI & Machine Learning Security,has_web_signal,0
158,pegasuswisc,https://github.com/sobri3195/pegasuswisc,AI & Machine Learning Security,has_mobile_signal,0
158,pegasuswisc,https://github.com/sobri3195/pegasuswisc,AI & Machine Learning Security,has_osint_signal,0
158,pegasuswisc,https://github.com/sobri3195/pegasuswisc,AI & Machine Learning Security,has_automation_signal,0
158,pegasuswisc,https://github.com/sobri3195/pegasuswisc,AI & Machine Learning Security,description_length,58
158,pegasuswisc,https://github.com/sobri3195/pegasuswisc,AI & Machine Learning Security,inferred_language,Unknown
159,SimulasiMataSobri,https://github.com/sobri3195/SimulasiMataSobri,AI & Machine Learning Security,token_count,9
159,SimulasiMataSobri,https://github.com/sobri3195/SimulasiMataSobri,AI & Machine Learning Security,security_keyword_hits,0
159,SimulasiMataSobri,https://github.com/sobri3195/SimulasiMataSobri,AI & Machine Learning Security,has_ai_signal,1
159,SimulasiMataSobri,https://github.com/sobri3195/SimulasiMataSobri,AI & Machine Learning Security,has_web_signal,0
159,SimulasiMataSobri,https://github.com/sobri3195/SimulasiMataSobri,AI & Machine Learning Security,has_mobile_signal,0
159,SimulasiMataSobri,https://github.com/sobri3195/SimulasiMataSobri,AI & Machine Learning Security,has_osint_signal,0
159,SimulasiMataSobri,https://github.com/sobri3195/SimulasiMataSobri,AI & Machine Learning Security,has_automation_signal,0
159,SimulasiMataSobri,https://github.com/sobri3195/SimulasiMataSobri,AI & Machine Learning Security,description_length,75
159,SimulasiMataSobri,https://github.com/sobri3195/SimulasiMataSobri,AI & Machine Learning Security,inferred_language,Python
160,AI-Powered-Python-Profiler,https://github.com/sobri3195/AI-Powered-Python-Profiler,AI & Machine Learning Security,token_count,15
160,AI-Powered-Python-Profiler,https://github.com/sobri3195/AI-Powered-Python-Profiler,AI & Machine Learning Security,security_keyword_hits,0
160,AI-Powered-Python-Profiler,https://github.com/sobri3195/AI-Powered-Python-Profiler,AI & Machine Learning Security,has_ai_signal,1
160,AI-Powered-Python-Profiler,https://github.com/sobri3195/AI-Powered-Python-Profiler,AI & Machine Learning Security,has_web_signal,0
160,AI-Powered-Python-Profiler,https://github.com/sobri3195/AI-Powered-Python-Profiler,AI & Machine Learning Security,has_mobile_signal,0
160,AI-Powered-Python-Profiler,https://github.com/sobri3195/AI-Powered-Python-Profiler,AI & Machine Learning Security,has_osint_signal,0
160,AI-Powered-Python-Profiler,https://github.com/sobri3195/AI-Powered-Python-Profiler,AI & Machine Learning Security,has_automation_signal,0
160,AI-Powered-Python-Profiler,https://github.com/sobri3195/AI-Powered-Python-Profiler,AI & Machine Learning Security,description_length,130
160,AI-Powered-Python-Profiler,https://github.com/sobri3195/AI-Powered-Python-Profiler,AI & Machine Learning Security,inferred_language,Python
161,EKG-AI,https://github.com/sobri3195/EKG-AI,AI & Machine Learning Security,token_count,12
161,EKG-AI,https://github.com/sobri3195/EKG-AI,AI & Machine Learning Security,security_keyword_hits,0
161,EKG-AI,https://github.com/sobri3195/EKG-AI,AI & Machine Learning Security,has_ai_signal,1
161,EKG-AI,https://github.com/sobri3195/EKG-AI,AI & Machine Learning Security,has_web_signal,0
161,EKG-AI,https://github.com/sobri3195/EKG-AI,AI & Machine Learning Security,has_mobile_signal,0
161,EKG-AI,https://github.com/sobri3195/EKG-AI,AI & Machine Learning Security,has_osint_signal,0
161,EKG-AI,https://github.com/sobri3195/EKG-AI,AI & Machine Learning Security,has_automation_signal,0
161,EKG-AI,https://github.com/sobri3195/EKG-AI,AI & Machine Learning Security,description_length,69
161,EKG-AI,https://github.com/sobri3195/EKG-AI,AI & Machine Learning Security,inferred_language,Unknown
162,Pegasql,https://github.com/sobri3195/Pegasql,AI & Machine Learning Security,token_count,13
162,Pegasql,https://github.com/sobri3195/Pegasql,AI & Machine Learning Security,security_keyword_hits,1
162,Pegasql,https://github.com/sobri3195/Pegasql,AI & Machine Learning Security,has_ai_signal,1
162,Pegasql,https://github.com/sobri3195/Pegasql,AI & Machine Learning Security,has_web_signal,0
162,Pegasql,https://github.com/sobri3195/Pegasql,AI & Machine Learning Security,has_mobile_signal,0
162,Pegasql,https://github.com/sobri3195/Pegasql,AI & Machine Learning Security,has_osint_signal,0
162,Pegasql,https://github.com/sobri3195/Pegasql,AI & Machine Learning Security,has_automation_signal,1
162,Pegasql,https://github.com/sobri3195/Pegasql,AI & Machine Learning Security,description_length,92
162,Pegasql,https://github.com/sobri3195/Pegasql,AI & Machine Learning Security,inferred_language,Unknown
163,Pegasus-CDR-Search,https://github.com/sobri3195/Pegasus-CDR-Search,AI & Machine Learning Security,token_count,13
163,Pegasus-CDR-Search,https://github.com/sobri3195/Pegasus-CDR-Search,AI & Machine Learning Security,security_keyword_hits,0
163,Pegasus-CDR-Search,https://github.com/sobri3195/Pegasus-CDR-Search,AI & Machine Learning Security,has_ai_signal,1
163,Pegasus-CDR-Search,https://github.com/sobri3195/Pegasus-CDR-Search,AI & Machine Learning Security,has_web_signal,0
163,Pegasus-CDR-Search,https://github.com/sobri3195/Pegasus-CDR-Search,AI & Machine Learning Security,has_mobile_signal,0
163,Pegasus-CDR-Search,https://github.com/sobri3195/Pegasus-CDR-Search,AI & Machine Learning Security,has_osint_signal,0
163,Pegasus-CDR-Search,https://github.com/sobri3195/Pegasus-CDR-Search,AI & Machine Learning Security,has_automation_signal,0
163,Pegasus-CDR-Search,https://github.com/sobri3195/Pegasus-CDR-Search,AI & Machine Learning Security,description_length,86
163,Pegasus-CDR-Search,https://github.com/sobri3195/Pegasus-CDR-Search,AI & Machine Learning Security,inferred_language,Python
164,pegasus-clock,https://github.com/sobri3195/pegasus-clock,AI & Machine Learning Security,token_count,27
164,pegasus-clock,https://github.com/sobri3195/pegasus-clock,AI & Machine Learning Security,security_keyword_hits,0
164,pegasus-clock,https://github.com/sobri3195/pegasus-clock,AI & Machine Learning Security,has_ai_signal,1
164,pegasus-clock,https://github.com/sobri3195/pegasus-clock,AI & Machine Learning Security,has_web_signal,0
164,pegasus-clock,https://github.com/sobri3195/pegasus-clock,AI & Machine Learning Security,has_mobile_signal,0
164,pegasus-clock,https://github.com/sobri3195/pegasus-clock,AI & Machine Learning Security,has_osint_signal,0
164,pegasus-clock,https://github.com/sobri3195/pegasus-clock,AI & Machine Learning Security,has_automation_signal,0
164,pegasus-clock,https://github.com/sobri3195/pegasus-clock,AI & Machine Learning Security,description_length,203
164,pegasus-clock,https://github.com/sobri3195/pegasus-clock,AI & Machine Learning Security,inferred_language,Python
165,Pegasus-eye,https://github.com/sobri3195/Pegasus-eye,AI & Machine Learning Security,token_count,21
165,Pegasus-eye,https://github.com/sobri3195/Pegasus-eye,AI & Machine Learning Security,security_keyword_hits,3
165,Pegasus-eye,https://github.com/sobri3195/Pegasus-eye,AI & Machine Learning Security,has_ai_signal,1
165,Pegasus-eye,https://github.com/sobri3195/Pegasus-eye,AI & Machine Learning Security,has_web_signal,0
165,Pegasus-eye,https://github.com/sobri3195/Pegasus-eye,AI & Machine Learning Security,has_mobile_signal,0
165,Pegasus-eye,https://github.com/sobri3195/Pegasus-eye,AI & Machine Learning Security,has_osint_signal,0
165,Pegasus-eye,https://github.com/sobri3195/Pegasus-eye,AI & Machine Learning Security,has_automation_signal,1
165,Pegasus-eye,https://github.com/sobri3195/Pegasus-eye,AI & Machine Learning Security,description_length,155
165,Pegasus-eye,https://github.com/sobri3195/Pegasus-eye,AI & Machine Learning Security,inferred_language,Unknown
166,pegasus-fake-antivirus,https://github.com/sobri3195/pegasus-fake-antivirus,AI & Machine Learning Security,token_count,22
166,pegasus-fake-antivirus,https://github.com/sobri3195/pegasus-fake-antivirus,AI & Machine Learning Security,security_keyword_hits,0
166,pegasus-fake-antivirus,https://github.com/sobri3195/pegasus-fake-antivirus,AI & Machine Learning Security,has_ai_signal,1
166,pegasus-fake-antivirus,https://github.com/sobri3195/pegasus-fake-antivirus,AI & Machine Learning Security,has_web_signal,0
166,pegasus-fake-antivirus,https://github.com/sobri3195/pegasus-fake-antivirus,AI & Machine Learning Security,has_mobile_signal,0
166,pegasus-fake-antivirus,https://github.com/sobri3195/pegasus-fake-antivirus,AI & Machine Learning Security,has_osint_signal,0
166,pegasus-fake-antivirus,https://github.com/sobri3195/pegasus-fake-antivirus,AI & Machine Learning Security,has_automation_signal,0
166,pegasus-fake-antivirus,https://github.com/sobri3195/pegasus-fake-antivirus,AI & Machine Learning Security,description_length,203
166,pegasus-fake-antivirus,https://github.com/sobri3195/pegasus-fake-antivirus,AI & Machine Learning Security,inferred_language,Unknown
167,Pegasus-IMEI-Mirage,https://github.com/sobri3195/Pegasus-IMEI-Mirage,AI & Machine Learning Security,token_count,26
167,Pegasus-IMEI-Mirage,https://github.com/sobri3195/Pegasus-IMEI-Mirage,AI & Machine Learning Security,security_keyword_hits,0
167,Pegasus-IMEI-Mirage,https://github.com/sobri3195/Pegasus-IMEI-Mirage,AI & Machine Learning Security,has_ai_signal,1
167,Pegasus-IMEI-Mirage,https://github.com/sobri3195/Pegasus-IMEI-Mirage,AI & Machine Learning Security,has_web_signal,0
167,Pegasus-IMEI-Mirage,https://github.com/sobri3195/Pegasus-IMEI-Mirage,AI & Machine Learning Security,has_mobile_signal,0
167,Pegasus-IMEI-Mirage,https://github.com/sobri3195/Pegasus-IMEI-Mirage,AI & Machine Learning Security,has_osint_signal,0
167,Pegasus-IMEI-Mirage,https://github.com/sobri3195/Pegasus-IMEI-Mirage,AI & Machine Learning Security,has_automation_signal,0
167,Pegasus-IMEI-Mirage,https://github.com/sobri3195/Pegasus-IMEI-Mirage,AI & Machine Learning Security,description_length,203
167,Pegasus-IMEI-Mirage,https://github.com/sobri3195/Pegasus-IMEI-Mirage,AI & Machine Learning Security,inferred_language,Python
168,Pegasus-judi-online,https://github.com/sobri3195/Pegasus-judi-online,AI & Machine Learning Security,token_count,27
168,Pegasus-judi-online,https://github.com/sobri3195/Pegasus-judi-online,AI & Machine Learning Security,security_keyword_hits,0
168,Pegasus-judi-online,https://github.com/sobri3195/Pegasus-judi-online,AI & Machine Learning Security,has_ai_signal,0
168,Pegasus-judi-online,https://github.com/sobri3195/Pegasus-judi-online,AI & Machine Learning Security,has_web_signal,0
168,Pegasus-judi-online,https://github.com/sobri3195/Pegasus-judi-online,AI & Machine Learning Security,has_mobile_signal,0
168,Pegasus-judi-online,https://github.com/sobri3195/Pegasus-judi-online,AI & Machine Learning Security,has_osint_signal,0
168,Pegasus-judi-online,https://github.com/sobri3195/Pegasus-judi-online,AI & Machine Learning Security,has_automation_signal,0
168,Pegasus-judi-online,https://github.com/sobri3195/Pegasus-judi-online,AI & Machine Learning Security,description_length,203
168,Pegasus-judi-online,https://github.com/sobri3195/Pegasus-judi-online,AI & Machine Learning Security,inferred_language,Unknown
169,Pegasus-Keylogger2,https://github.com/sobri3195/Pegasus-Keylogger2,AI & Machine Learning Security,token_count,27
169,Pegasus-Keylogger2,https://github.com/sobri3195/Pegasus-Keylogger2,AI & Machine Learning Security,security_keyword_hits,0
169,Pegasus-Keylogger2,https://github.com/sobri3195/Pegasus-Keylogger2,AI & Machine Learning Security,has_ai_signal,0
169,Pegasus-Keylogger2,https://github.com/sobri3195/Pegasus-Keylogger2,AI & Machine Learning Security,has_web_signal,0
169,Pegasus-Keylogger2,https://github.com/sobri3195/Pegasus-Keylogger2,AI & Machine Learning Security,has_mobile_signal,0
169,Pegasus-Keylogger2,https://github.com/sobri3195/Pegasus-Keylogger2,AI & Machine Learning Security,has_osint_signal,0
169,Pegasus-Keylogger2,https://github.com/sobri3195/Pegasus-Keylogger2,AI & Machine Learning Security,has_automation_signal,0
169,Pegasus-Keylogger2,https://github.com/sobri3195/Pegasus-Keylogger2,AI & Machine Learning Security,description_length,203
169,Pegasus-Keylogger2,https://github.com/sobri3195/Pegasus-Keylogger2,AI & Machine Learning Security,inferred_language,Python
170,Pegasus-ReconPack,https://github.com/sobri3195/Pegasus-ReconPack,AI & Machine Learning Security,token_count,25
170,Pegasus-ReconPack,https://github.com/sobri3195/Pegasus-ReconPack,AI & Machine Learning Security,security_keyword_hits,1
170,Pegasus-ReconPack,https://github.com/sobri3195/Pegasus-ReconPack,AI & Machine Learning Security,has_ai_signal,1
170,Pegasus-ReconPack,https://github.com/sobri3195/Pegasus-ReconPack,AI & Machine Learning Security,has_web_signal,0
170,Pegasus-ReconPack,https://github.com/sobri3195/Pegasus-ReconPack,AI & Machine Learning Security,has_mobile_signal,1
170,Pegasus-ReconPack,https://github.com/sobri3195/Pegasus-ReconPack,AI & Machine Learning Security,has_osint_signal,0
170,Pegasus-ReconPack,https://github.com/sobri3195/Pegasus-ReconPack,AI & Machine Learning Security,has_automation_signal,1
170,Pegasus-ReconPack,https://github.com/sobri3195/Pegasus-ReconPack,AI & Machine Learning Security,description_length,203
170,Pegasus-ReconPack,https://github.com/sobri3195/Pegasus-ReconPack,AI & Machine Learning Security,inferred_language,Python
171,pegasus-retina,https://github.com/sobri3195/pegasus-retina,AI & Machine Learning Security,token_count,20
171,pegasus-retina,https://github.com/sobri3195/pegasus-retina,AI & Machine Learning Security,security_keyword_hits,0
171,pegasus-retina,https://github.com/sobri3195/pegasus-retina,AI & Machine Learning Security,has_ai_signal,1
171,pegasus-retina,https://github.com/sobri3195/pegasus-retina,AI & Machine Learning Security,has_web_signal,0
171,pegasus-retina,https://github.com/sobri3195/pegasus-retina,AI & Machine Learning Security,has_mobile_signal,0
171,pegasus-retina,https://github.com/sobri3195/pegasus-retina,AI & Machine Learning Security,has_osint_signal,0
171,pegasus-retina,https://github.com/sobri3195/pegasus-retina,AI & Machine Learning Security,has_automation_signal,0
171,pegasus-retina,https://github.com/sobri3195/pegasus-retina,AI & Machine Learning Security,description_length,173
171,pegasus-retina,https://github.com/sobri3195/pegasus-retina,AI & Machine Learning Security,inferred_language,Unknown
172,Pegasus-SilentSamba,https://github.com/sobri3195/Pegasus-SilentSamba,AI & Machine Learning Security,token_count,24
172,Pegasus-SilentSamba,https://github.com/sobri3195/Pegasus-SilentSamba,AI & Machine Learning Security,security_keyword_hits,0
172,Pegasus-SilentSamba,https://github.com/sobri3195/Pegasus-SilentSamba,AI & Machine Learning Security,has_ai_signal,1
172,Pegasus-SilentSamba,https://github.com/sobri3195/Pegasus-SilentSamba,AI & Machine Learning Security,has_web_signal,0
172,Pegasus-SilentSamba,https://github.com/sobri3195/Pegasus-SilentSamba,AI & Machine Learning Security,has_mobile_signal,1
172,Pegasus-SilentSamba,https://github.com/sobri3195/Pegasus-SilentSamba,AI & Machine Learning Security,has_osint_signal,0
172,Pegasus-SilentSamba,https://github.com/sobri3195/Pegasus-SilentSamba,AI & Machine Learning Security,has_automation_signal,0
172,Pegasus-SilentSamba,https://github.com/sobri3195/Pegasus-SilentSamba,AI & Machine Learning Security,description_length,203
172,Pegasus-SilentSamba,https://github.com/sobri3195/Pegasus-SilentSamba,AI & Machine Learning Security,inferred_language,Unknown
173,Pegasus-Spikey,https://github.com/sobri3195/Pegasus-Spikey,AI & Machine Learning Security,token_count,7
173,Pegasus-Spikey,https://github.com/sobri3195/Pegasus-Spikey,AI & Machine Learning Security,security_keyword_hits,1
173,Pegasus-Spikey,https://github.com/sobri3195/Pegasus-Spikey,AI & Machine Learning Security,has_ai_signal,1
173,Pegasus-Spikey,https://github.com/sobri3195/Pegasus-Spikey,AI & Machine Learning Security,has_web_signal,0
173,Pegasus-Spikey,https://github.com/sobri3195/Pegasus-Spikey,AI & Machine Learning Security,has_mobile_signal,0
173,Pegasus-Spikey,https://github.com/sobri3195/Pegasus-Spikey,AI & Machine Learning Security,has_osint_signal,0
173,Pegasus-Spikey,https://github.com/sobri3195/Pegasus-Spikey,AI & Machine Learning Security,has_automation_signal,1
173,Pegasus-Spikey,https://github.com/sobri3195/Pegasus-Spikey,AI & Machine Learning Security,description_length,49
173,Pegasus-Spikey,https://github.com/sobri3195/Pegasus-Spikey,AI & Machine Learning Security,inferred_language,Unknown
174,pegasus-three,https://github.com/sobri3195/pegasus-three,AI & Machine Learning Security,token_count,17
174,pegasus-three,https://github.com/sobri3195/pegasus-three,AI & Machine Learning Security,security_keyword_hits,1
174,pegasus-three,https://github.com/sobri3195/pegasus-three,AI & Machine Learning Security,has_ai_signal,1
174,pegasus-three,https://github.com/sobri3195/pegasus-three,AI & Machine Learning Security,has_web_signal,0
174,pegasus-three,https://github.com/sobri3195/pegasus-three,AI & Machine Learning Security,has_mobile_signal,0
174,pegasus-three,https://github.com/sobri3195/pegasus-three,AI & Machine Learning Security,has_osint_signal,1
174,pegasus-three,https://github.com/sobri3195/pegasus-three,AI & Machine Learning Security,has_automation_signal,1
174,pegasus-three,https://github.com/sobri3195/pegasus-three,AI & Machine Learning Security,description_length,148
174,pegasus-three,https://github.com/sobri3195/pegasus-three,AI & Machine Learning Security,inferred_language,Unknown
175,pegasus-whatsapp-bot,https://github.com/sobri3195/pegasus-whatsapp-bot,AI & Machine Learning Security,token_count,22
175,pegasus-whatsapp-bot,https://github.com/sobri3195/pegasus-whatsapp-bot,AI & Machine Learning Security,security_keyword_hits,0
175,pegasus-whatsapp-bot,https://github.com/sobri3195/pegasus-whatsapp-bot,AI & Machine Learning Security,has_ai_signal,1
175,pegasus-whatsapp-bot,https://github.com/sobri3195/pegasus-whatsapp-bot,AI & Machine Learning Security,has_web_signal,0
175,pegasus-whatsapp-bot,https://github.com/sobri3195/pegasus-whatsapp-bot,AI & Machine Learning Security,has_mobile_signal,0
175,pegasus-whatsapp-bot,https://github.com/sobri3195/pegasus-whatsapp-bot,AI & Machine Learning Security,has_osint_signal,0
175,pegasus-whatsapp-bot,https://github.com/sobri3195/pegasus-whatsapp-bot,AI & Machine Learning Security,has_automation_signal,0
175,pegasus-whatsapp-bot,https://github.com/sobri3195/pegasus-whatsapp-bot,AI & Machine Learning Security,description_length,170
175,pegasus-whatsapp-bot,https://github.com/sobri3195/pegasus-whatsapp-bot,AI & Machine Learning Security,inferred_language,Unknown
176,pegasus-whatsappbot,https://github.com/sobri3195/pegasus-whatsappbot,AI & Machine Learning Security,token_count,27
176,pegasus-whatsappbot,https://github.com/sobri3195/pegasus-whatsappbot,AI & Machine Learning Security,security_keyword_hits,0
176,pegasus-whatsappbot,https://github.com/sobri3195/pegasus-whatsappbot,AI & Machine Learning Security,has_ai_signal,0
176,pegasus-whatsappbot,https://github.com/sobri3195/pegasus-whatsappbot,AI & Machine Learning Security,has_web_signal,1
176,pegasus-whatsappbot,https://github.com/sobri3195/pegasus-whatsappbot,AI & Machine Learning Security,has_mobile_signal,0
176,pegasus-whatsappbot,https://github.com/sobri3195/pegasus-whatsappbot,AI & Machine Learning Security,has_osint_signal,0
176,pegasus-whatsappbot,https://github.com/sobri3195/pegasus-whatsappbot,AI & Machine Learning Security,has_automation_signal,0
176,pegasus-whatsappbot,https://github.com/sobri3195/pegasus-whatsappbot,AI & Machine Learning Security,description_length,203
176,pegasus-whatsappbot,https://github.com/sobri3195/pegasus-whatsappbot,AI & Machine Learning Security,inferred_language,Unknown
177,Pegasus-Whisper,https://github.com/sobri3195/Pegasus-Whisper,AI & Machine Learning Security,token_count,11
177,Pegasus-Whisper,https://github.com/sobri3195/Pegasus-Whisper,AI & Machine Learning Security,security_keyword_hits,0
177,Pegasus-Whisper,https://github.com/sobri3195/Pegasus-Whisper,AI & Machine Learning Security,has_ai_signal,1
177,Pegasus-Whisper,https://github.com/sobri3195/Pegasus-Whisper,AI & Machine Learning Security,has_web_signal,0
177,Pegasus-Whisper,https://github.com/sobri3195/Pegasus-Whisper,AI & Machine Learning Security,has_mobile_signal,0
177,Pegasus-Whisper,https://github.com/sobri3195/Pegasus-Whisper,AI & Machine Learning Security,has_osint_signal,0
177,Pegasus-Whisper,https://github.com/sobri3195/Pegasus-Whisper,AI & Machine Learning Security,has_automation_signal,0
177,Pegasus-Whisper,https://github.com/sobri3195/Pegasus-Whisper,AI & Machine Learning Security,description_length,87
177,Pegasus-Whisper,https://github.com/sobri3195/Pegasus-Whisper,AI & Machine Learning Security,inferred_language,Unknown
178,pegasus-wifi-all,https://github.com/sobri3195/pegasus-wifi-all,AI & Machine Learning Security,token_count,15
178,pegasus-wifi-all,https://github.com/sobri3195/pegasus-wifi-all,AI & Machine Learning Security,security_keyword_hits,1
178,pegasus-wifi-all,https://github.com/sobri3195/pegasus-wifi-all,AI & Machine Learning Security,has_ai_signal,1
178,pegasus-wifi-all,https://github.com/sobri3195/pegasus-wifi-all,AI & Machine Learning Security,has_web_signal,0
178,pegasus-wifi-all,https://github.com/sobri3195/pegasus-wifi-all,AI & Machine Learning Security,has_mobile_signal,1
178,pegasus-wifi-all,https://github.com/sobri3195/pegasus-wifi-all,AI & Machine Learning Security,has_osint_signal,0
178,pegasus-wifi-all,https://github.com/sobri3195/pegasus-wifi-all,AI & Machine Learning Security,has_automation_signal,0
178,pegasus-wifi-all,https://github.com/sobri3195/pegasus-wifi-all,AI & Machine Learning Security,description_length,86
178,pegasus-wifi-all,https://github.com/sobri3195/pegasus-wifi-all,AI & Machine Learning Security,inferred_language,Unknown
179,pegasus_background_windows,https://github.com/sobri3195/pegasus_background_windows,AI & Machine Learning Security,token_count,17
179,pegasus_background_windows,https://github.com/sobri3195/pegasus_background_windows,AI & Machine Learning Security,security_keyword_hits,0
179,pegasus_background_windows,https://github.com/sobri3195/pegasus_background_windows,AI & Machine Learning Security,has_ai_signal,1
179,pegasus_background_windows,https://github.com/sobri3195/pegasus_background_windows,AI & Machine Learning Security,has_web_signal,0
179,pegasus_background_windows,https://github.com/sobri3195/pegasus_background_windows,AI & Machine Learning Security,has_mobile_signal,0
179,pegasus_background_windows,https://github.com/sobri3195/pegasus_background_windows,AI & Machine Learning Security,has_osint_signal,0
179,pegasus_background_windows,https://github.com/sobri3195/pegasus_background_windows,AI & Machine Learning Security,has_automation_signal,0
179,pegasus_background_windows,https://github.com/sobri3195/pegasus_background_windows,AI & Machine Learning Security,description_length,128
179,pegasus_background_windows,https://github.com/sobri3195/pegasus_background_windows,AI & Machine Learning Security,inferred_language,Unknown
180,scheduler-ftp,https://github.com/sobri3195/scheduler-ftp,AI & Machine Learning Security,token_count,33
180,scheduler-ftp,https://github.com/sobri3195/scheduler-ftp,AI & Machine Learning Security,security_keyword_hits,0
180,scheduler-ftp,https://github.com/sobri3195/scheduler-ftp,AI & Machine Learning Security,has_ai_signal,0
180,scheduler-ftp,https://github.com/sobri3195/scheduler-ftp,AI & Machine Learning Security,has_web_signal,0
180,scheduler-ftp,https://github.com/sobri3195/scheduler-ftp,AI & Machine Learning Security,has_mobile_signal,0
180,scheduler-ftp,https://github.com/sobri3195/scheduler-ftp,AI & Machine Learning Security,has_osint_signal,0
180,scheduler-ftp,https://github.com/sobri3195/scheduler-ftp,AI & Machine Learning Security,has_automation_signal,0
180,scheduler-ftp,https://github.com/sobri3195/scheduler-ftp,AI & Machine Learning Security,description_length,203
180,scheduler-ftp,https://github.com/sobri3195/scheduler-ftp,AI & Machine Learning Security,inferred_language,Unknown
181,scheduler-tiktok,https://github.com/sobri3195/scheduler-tiktok,AI & Machine Learning Security,token_count,26
181,scheduler-tiktok,https://github.com/sobri3195/scheduler-tiktok,AI & Machine Learning Security,security_keyword_hits,0
181,scheduler-tiktok,https://github.com/sobri3195/scheduler-tiktok,AI & Machine Learning Security,has_ai_signal,1
181,scheduler-tiktok,https://github.com/sobri3195/scheduler-tiktok,AI & Machine Learning Security,has_web_signal,0
181,scheduler-tiktok,https://github.com/sobri3195/scheduler-tiktok,AI & Machine Learning Security,has_mobile_signal,0
181,scheduler-tiktok,https://github.com/sobri3195/scheduler-tiktok,AI & Machine Learning Security,has_osint_signal,0
181,scheduler-tiktok,https://github.com/sobri3195/scheduler-tiktok,AI & Machine Learning Security,has_automation_signal,0
181,scheduler-tiktok,https://github.com/sobri3195/scheduler-tiktok,AI & Machine Learning Security,description_length,183
181,scheduler-tiktok,https://github.com/sobri3195/scheduler-tiktok,AI & Machine Learning Security,inferred_language,Unknown
182,Sobri-Naive-PSO,https://github.com/sobri3195/Sobri-Naive-PSO,AI & Machine Learning Security,token_count,7
182,Sobri-Naive-PSO,https://github.com/sobri3195/Sobri-Naive-PSO,AI & Machine Learning Security,security_keyword_hits,0
182,Sobri-Naive-PSO,https://github.com/sobri3195/Sobri-Naive-PSO,AI & Machine Learning Security,has_ai_signal,1
182,Sobri-Naive-PSO,https://github.com/sobri3195/Sobri-Naive-PSO,AI & Machine Learning Security,has_web_signal,0
182,Sobri-Naive-PSO,https://github.com/sobri3195/Sobri-Naive-PSO,AI & Machine Learning Security,has_mobile_signal,0
182,Sobri-Naive-PSO,https://github.com/sobri3195/Sobri-Naive-PSO,AI & Machine Learning Security,has_osint_signal,0
182,Sobri-Naive-PSO,https://github.com/sobri3195/Sobri-Naive-PSO,AI & Machine Learning Security,has_automation_signal,0
182,Sobri-Naive-PSO,https://github.com/sobri3195/Sobri-Naive-PSO,AI & Machine Learning Security,description_length,68
182,Sobri-Naive-PSO,https://github.com/sobri3195/Sobri-Naive-PSO,AI & Machine Learning Security,inferred_language,Unknown
183,AI-direksiku,https://github.com/sobri3195/AI-direksiku,AI & Machine Learning Security,token_count,18
183,AI-direksiku,https://github.com/sobri3195/AI-direksiku,AI & Machine Learning Security,security_keyword_hits,0
183,AI-direksiku,https://github.com/sobri3195/AI-direksiku,AI & Machine Learning Security,has_ai_signal,0
183,AI-direksiku,https://github.com/sobri3195/AI-direksiku,AI & Machine Learning Security,has_web_signal,0
183,AI-direksiku,https://github.com/sobri3195/AI-direksiku,AI & Machine Learning Security,has_mobile_signal,0
183,AI-direksiku,https://github.com/sobri3195/AI-direksiku,AI & Machine Learning Security,has_osint_signal,0
183,AI-direksiku,https://github.com/sobri3195/AI-direksiku,AI & Machine Learning Security,has_automation_signal,0
183,AI-direksiku,https://github.com/sobri3195/AI-direksiku,AI & Machine Learning Security,description_length,152
183,AI-direksiku,https://github.com/sobri3195/AI-direksiku,AI & Machine Learning Security,inferred_language,Unknown
184,AI-for-Optimizing-Artificial-Blood-Vessel-Selection,https://github.com/sobri3195/AI-for-Optimizing-Artificial-Blood-Vessel-Selection,AI & Machine Learning Security,token_count,27
184,AI-for-Optimizing-Artificial-Blood-Vessel-Selection,https://github.com/sobri3195/AI-for-Optimizing-Artificial-Blood-Vessel-Selection,AI & Machine Learning Security,security_keyword_hits,0
184,AI-for-Optimizing-Artificial-Blood-Vessel-Selection,https://github.com/sobri3195/AI-for-Optimizing-Artificial-Blood-Vessel-Selection,AI & Machine Learning Security,has_ai_signal,1
184,AI-for-Optimizing-Artificial-Blood-Vessel-Selection,https://github.com/sobri3195/AI-for-Optimizing-Artificial-Blood-Vessel-Selection,AI & Machine Learning Security,has_web_signal,0
184,AI-for-Optimizing-Artificial-Blood-Vessel-Selection,https://github.com/sobri3195/AI-for-Optimizing-Artificial-Blood-Vessel-Selection,AI & Machine Learning Security,has_mobile_signal,0
184,AI-for-Optimizing-Artificial-Blood-Vessel-Selection,https://github.com/sobri3195/AI-for-Optimizing-Artificial-Blood-Vessel-Selection,AI & Machine Learning Security,has_osint_signal,0
184,AI-for-Optimizing-Artificial-Blood-Vessel-Selection,https://github.com/sobri3195/AI-for-Optimizing-Artificial-Blood-Vessel-Selection,AI & Machine Learning Security,has_automation_signal,0
184,AI-for-Optimizing-Artificial-Blood-Vessel-Selection,https://github.com/sobri3195/AI-for-Optimizing-Artificial-Blood-Vessel-Selection,AI & Machine Learning Security,description_length,203
184,AI-for-Optimizing-Artificial-Blood-Vessel-Selection,https://github.com/sobri3195/AI-for-Optimizing-Artificial-Blood-Vessel-Selection,AI & Machine Learning Security,inferred_language,Unknown
185,autoresponderwebconnectserver,https://github.com/sobri3195/autoresponderwebconnectserver,AI & Machine Learning Security,token_count,26
185,autoresponderwebconnectserver,https://github.com/sobri3195/autoresponderwebconnectserver,AI & Machine Learning Security,security_keyword_hits,0
185,autoresponderwebconnectserver,https://github.com/sobri3195/autoresponderwebconnectserver,AI & Machine Learning Security,has_ai_signal,1
185,autoresponderwebconnectserver,https://github.com/sobri3195/autoresponderwebconnectserver,AI & Machine Learning Security,has_web_signal,1
185,autoresponderwebconnectserver,https://github.com/sobri3195/autoresponderwebconnectserver,AI & Machine Learning Security,has_mobile_signal,0
185,autoresponderwebconnectserver,https://github.com/sobri3195/autoresponderwebconnectserver,AI & Machine Learning Security,has_osint_signal,0
185,autoresponderwebconnectserver,https://github.com/sobri3195/autoresponderwebconnectserver,AI & Machine Learning Security,has_automation_signal,1
185,autoresponderwebconnectserver,https://github.com/sobri3195/autoresponderwebconnectserver,AI & Machine Learning Security,description_length,203
185,autoresponderwebconnectserver,https://github.com/sobri3195/autoresponderwebconnectserver,AI & Machine Learning Security,inferred_language,Unknown
186,Bisnis-Dokter-Sobri,https://github.com/sobri3195/Bisnis-Dokter-Sobri,AI & Machine Learning Security,token_count,29
186,Bisnis-Dokter-Sobri,https://github.com/sobri3195/Bisnis-Dokter-Sobri,AI & Machine Learning Security,security_keyword_hits,0
186,Bisnis-Dokter-Sobri,https://github.com/sobri3195/Bisnis-Dokter-Sobri,AI & Machine Learning Security,has_ai_signal,1
186,Bisnis-Dokter-Sobri,https://github.com/sobri3195/Bisnis-Dokter-Sobri,AI & Machine Learning Security,has_web_signal,0
186,Bisnis-Dokter-Sobri,https://github.com/sobri3195/Bisnis-Dokter-Sobri,AI & Machine Learning Security,has_mobile_signal,0
186,Bisnis-Dokter-Sobri,https://github.com/sobri3195/Bisnis-Dokter-Sobri,AI & Machine Learning Security,has_osint_signal,0
186,Bisnis-Dokter-Sobri,https://github.com/sobri3195/Bisnis-Dokter-Sobri,AI & Machine Learning Security,has_automation_signal,0
186,Bisnis-Dokter-Sobri,https://github.com/sobri3195/Bisnis-Dokter-Sobri,AI & Machine Learning Security,description_length,203
186,Bisnis-Dokter-Sobri,https://github.com/sobri3195/Bisnis-Dokter-Sobri,AI & Machine Learning Security,inferred_language,Unknown
187,ECG-LVSD-Detection---Deep-Learning-Model,https://github.com/sobri3195/ECG-LVSD-Detection---Deep-Learning-Model,AI & Machine Learning Security,token_count,12
187,ECG-LVSD-Detection---Deep-Learning-Model,https://github.com/sobri3195/ECG-LVSD-Detection---Deep-Learning-Model,AI & Machine Learning Security,security_keyword_hits,0
187,ECG-LVSD-Detection---Deep-Learning-Model,https://github.com/sobri3195/ECG-LVSD-Detection---Deep-Learning-Model,AI & Machine Learning Security,has_ai_signal,1
187,ECG-LVSD-Detection---Deep-Learning-Model,https://github.com/sobri3195/ECG-LVSD-Detection---Deep-Learning-Model,AI & Machine Learning Security,has_web_signal,0
187,ECG-LVSD-Detection---Deep-Learning-Model,https://github.com/sobri3195/ECG-LVSD-Detection---Deep-Learning-Model,AI & Machine Learning Security,has_mobile_signal,0
187,ECG-LVSD-Detection---Deep-Learning-Model,https://github.com/sobri3195/ECG-LVSD-Detection---Deep-Learning-Model,AI & Machine Learning Security,has_osint_signal,0
187,ECG-LVSD-Detection---Deep-Learning-Model,https://github.com/sobri3195/ECG-LVSD-Detection---Deep-Learning-Model,AI & Machine Learning Security,has_automation_signal,0
187,ECG-LVSD-Detection---Deep-Learning-Model,https://github.com/sobri3195/ECG-LVSD-Detection---Deep-Learning-Model,AI & Machine Learning Security,description_length,84
187,ECG-LVSD-Detection---Deep-Learning-Model,https://github.com/sobri3195/ECG-LVSD-Detection---Deep-Learning-Model,AI & Machine Learning Security,inferred_language,Unknown
188,Pegasuas-Metamorphic-Malware,https://github.com/sobri3195/Pegasuas-Metamorphic-Malware,AI & Machine Learning Security,token_count,26
188,Pegasuas-Metamorphic-Malware,https://github.com/sobri3195/Pegasuas-Metamorphic-Malware,AI & Machine Learning Security,security_keyword_hits,1
188,Pegasuas-Metamorphic-Malware,https://github.com/sobri3195/Pegasuas-Metamorphic-Malware,AI & Machine Learning Security,has_ai_signal,0
188,Pegasuas-Metamorphic-Malware,https://github.com/sobri3195/Pegasuas-Metamorphic-Malware,AI & Machine Learning Security,has_web_signal,0
188,Pegasuas-Metamorphic-Malware,https://github.com/sobri3195/Pegasuas-Metamorphic-Malware,AI & Machine Learning Security,has_mobile_signal,0
188,Pegasuas-Metamorphic-Malware,https://github.com/sobri3195/Pegasuas-Metamorphic-Malware,AI & Machine Learning Security,has_osint_signal,0
188,Pegasuas-Metamorphic-Malware,https://github.com/sobri3195/Pegasuas-Metamorphic-Malware,AI & Machine Learning Security,has_automation_signal,0
188,Pegasuas-Metamorphic-Malware,https://github.com/sobri3195/Pegasuas-Metamorphic-Malware,AI & Machine Learning Security,description_length,203
188,Pegasuas-Metamorphic-Malware,https://github.com/sobri3195/Pegasuas-Metamorphic-Malware,AI & Machine Learning Security,inferred_language,Unknown
189,Pegasus-SkyTract,https://github.com/sobri3195/Pegasus-SkyTract,AI & Machine Learning Security,token_count,26
189,Pegasus-SkyTract,https://github.com/sobri3195/Pegasus-SkyTract,AI & Machine Learning Security,security_keyword_hits,0
189,Pegasus-SkyTract,https://github.com/sobri3195/Pegasus-SkyTract,AI & Machine Learning Security,has_ai_signal,1
189,Pegasus-SkyTract,https://github.com/sobri3195/Pegasus-SkyTract,AI & Machine Learning Security,has_web_signal,0
189,Pegasus-SkyTract,https://github.com/sobri3195/Pegasus-SkyTract,AI & Machine Learning Security,has_mobile_signal,0
189,Pegasus-SkyTract,https://github.com/sobri3195/Pegasus-SkyTract,AI & Machine Learning Security,has_osint_signal,0
189,Pegasus-SkyTract,https://github.com/sobri3195/Pegasus-SkyTract,AI & Machine Learning Security,has_automation_signal,0
189,Pegasus-SkyTract,https://github.com/sobri3195/Pegasus-SkyTract,AI & Machine Learning Security,description_length,183
189,Pegasus-SkyTract,https://github.com/sobri3195/Pegasus-SkyTract,AI & Machine Learning Security,inferred_language,Unknown
190,Pegasus_backgroundwindows,https://github.com/sobri3195/Pegasus_backgroundwindows,AI & Machine Learning Security,token_count,26
190,Pegasus_backgroundwindows,https://github.com/sobri3195/Pegasus_backgroundwindows,AI & Machine Learning Security,security_keyword_hits,0
190,Pegasus_backgroundwindows,https://github.com/sobri3195/Pegasus_backgroundwindows,AI & Machine Learning Security,has_ai_signal,1
190,Pegasus_backgroundwindows,https://github.com/sobri3195/Pegasus_backgroundwindows,AI & Machine Learning Security,has_web_signal,0
190,Pegasus_backgroundwindows,https://github.com/sobri3195/Pegasus_backgroundwindows,AI & Machine Learning Security,has_mobile_signal,0
190,Pegasus_backgroundwindows,https://github.com/sobri3195/Pegasus_backgroundwindows,AI & Machine Learning Security,has_osint_signal,0
190,Pegasus_backgroundwindows,https://github.com/sobri3195/Pegasus_backgroundwindows,AI & Machine Learning Security,has_automation_signal,1
190,Pegasus_backgroundwindows,https://github.com/sobri3195/Pegasus_backgroundwindows,AI & Machine Learning Security,description_length,190
190,Pegasus_backgroundwindows,https://github.com/sobri3195/Pegasus_backgroundwindows,AI & Machine Learning Security,inferred_language,Unknown
191,pegasus-one,https://github.com/sobri3195/pegasus-one,Utilities & Other Tools,token_count,11
191,pegasus-one,https://github.com/sobri3195/pegasus-one,Utilities & Other Tools,security_keyword_hits,1
191,pegasus-one,https://github.com/sobri3195/pegasus-one,Utilities & Other Tools,has_ai_signal,0
191,pegasus-one,https://github.com/sobri3195/pegasus-one,Utilities & Other Tools,has_web_signal,0
191,pegasus-one,https://github.com/sobri3195/pegasus-one,Utilities & Other Tools,has_mobile_signal,0
191,pegasus-one,https://github.com/sobri3195/pegasus-one,Utilities & Other Tools,has_osint_signal,0
191,pegasus-one,https://github.com/sobri3195/pegasus-one,Utilities & Other Tools,has_automation_signal,0
191,pegasus-one,https://github.com/sobri3195/pegasus-one,Utilities & Other Tools,description_length,68
191,pegasus-one,https://github.com/sobri3195/pegasus-one,Utilities & Other Tools,inferred_language,Unknown
192,Pegacct,https://github.com/sobri3195/Pegacct,Utilities & Other Tools,token_count,10
192,Pegacct,https://github.com/sobri3195/Pegacct,Utilities & Other Tools,security_keyword_hits,0
192,Pegacct,https://github.com/sobri3195/Pegacct,Utilities & Other Tools,has_ai_signal,0
192,Pegacct,https://github.com/sobri3195/Pegacct,Utilities & Other Tools,has_web_signal,0
192,Pegacct,https://github.com/sobri3195/Pegacct,Utilities & Other Tools,has_mobile_signal,0
192,Pegacct,https://github.com/sobri3195/Pegacct,Utilities & Other Tools,has_osint_signal,0
192,Pegacct,https://github.com/sobri3195/Pegacct,Utilities & Other Tools,has_automation_signal,0
192,Pegacct,https://github.com/sobri3195/Pegacct,Utilities & Other Tools,description_length,64
192,Pegacct,https://github.com/sobri3195/Pegacct,Utilities & Other Tools,inferred_language,Unknown
193,Awesome-hacking-tools-indonesia,https://github.com/sobri3195/Awesome-hacking-tools-indonesia,Utilities & Other Tools,token_count,10
193,Awesome-hacking-tools-indonesia,https://github.com/sobri3195/Awesome-hacking-tools-indonesia,Utilities & Other Tools,security_keyword_hits,2
193,Awesome-hacking-tools-indonesia,https://github.com/sobri3195/Awesome-hacking-tools-indonesia,Utilities & Other Tools,has_ai_signal,0
193,Awesome-hacking-tools-indonesia,https://github.com/sobri3195/Awesome-hacking-tools-indonesia,Utilities & Other Tools,has_web_signal,0
193,Awesome-hacking-tools-indonesia,https://github.com/sobri3195/Awesome-hacking-tools-indonesia,Utilities & Other Tools,has_mobile_signal,0
193,Awesome-hacking-tools-indonesia,https://github.com/sobri3195/Awesome-hacking-tools-indonesia,Utilities & Other Tools,has_osint_signal,0
193,Awesome-hacking-tools-indonesia,https://github.com/sobri3195/Awesome-hacking-tools-indonesia,Utilities & Other Tools,has_automation_signal,0
193,Awesome-hacking-tools-indonesia,https://github.com/sobri3195/Awesome-hacking-tools-indonesia,Utilities & Other Tools,description_length,69
193,Awesome-hacking-tools-indonesia,https://github.com/sobri3195/Awesome-hacking-tools-indonesia,Utilities & Other Tools,inferred_language,Unknown
194,pegasus-big-ddos,https://github.com/sobri3195/pegasus-big-ddos,Utilities & Other Tools,token_count,20
194,pegasus-big-ddos,https://github.com/sobri3195/pegasus-big-ddos,Utilities & Other Tools,security_keyword_hits,2
194,pegasus-big-ddos,https://github.com/sobri3195/pegasus-big-ddos,Utilities & Other Tools,has_ai_signal,0
194,pegasus-big-ddos,https://github.com/sobri3195/pegasus-big-ddos,Utilities & Other Tools,has_web_signal,0
194,pegasus-big-ddos,https://github.com/sobri3195/pegasus-big-ddos,Utilities & Other Tools,has_mobile_signal,0
194,pegasus-big-ddos,https://github.com/sobri3195/pegasus-big-ddos,Utilities & Other Tools,has_osint_signal,0
194,pegasus-big-ddos,https://github.com/sobri3195/pegasus-big-ddos,Utilities & Other Tools,has_automation_signal,0
194,pegasus-big-ddos,https://github.com/sobri3195/pegasus-big-ddos,Utilities & Other Tools,description_length,101
194,pegasus-big-ddos,https://github.com/sobri3195/pegasus-big-ddos,Utilities & Other Tools,inferred_language,Python
195,Pegasus-vnc,https://github.com/sobri3195/Pegasus-vnc,Utilities & Other Tools,token_count,8
195,Pegasus-vnc,https://github.com/sobri3195/Pegasus-vnc,Utilities & Other Tools,security_keyword_hits,0
195,Pegasus-vnc,https://github.com/sobri3195/Pegasus-vnc,Utilities & Other Tools,has_ai_signal,0
195,Pegasus-vnc,https://github.com/sobri3195/Pegasus-vnc,Utilities & Other Tools,has_web_signal,0
195,Pegasus-vnc,https://github.com/sobri3195/Pegasus-vnc,Utilities & Other Tools,has_mobile_signal,0
195,Pegasus-vnc,https://github.com/sobri3195/Pegasus-vnc,Utilities & Other Tools,has_osint_signal,0
195,Pegasus-vnc,https://github.com/sobri3195/Pegasus-vnc,Utilities & Other Tools,has_automation_signal,0
195,Pegasus-vnc,https://github.com/sobri3195/Pegasus-vnc,Utilities & Other Tools,description_length,41
195,Pegasus-vnc,https://github.com/sobri3195/Pegasus-vnc,Utilities & Other Tools,inferred_language,Unknown
196,Megatools,https://github.com/sobri3195/Megatools,Utilities & Other Tools,token_count,7
196,Megatools,https://github.com/sobri3195/Megatools,Utilities & Other Tools,security_keyword_hits,0
196,Megatools,https://github.com/sobri3195/Megatools,Utilities & Other Tools,has_ai_signal,0
196,Megatools,https://github.com/sobri3195/Megatools,Utilities & Other Tools,has_web_signal,0
196,Megatools,https://github.com/sobri3195/Megatools,Utilities & Other Tools,has_mobile_signal,0
196,Megatools,https://github.com/sobri3195/Megatools,Utilities & Other Tools,has_osint_signal,0
196,Megatools,https://github.com/sobri3195/Megatools,Utilities & Other Tools,has_automation_signal,0
196,Megatools,https://github.com/sobri3195/Megatools,Utilities & Other Tools,description_length,43
196,Megatools,https://github.com/sobri3195/Megatools,Utilities & Other Tools,inferred_language,Unknown
197,Pegasus-spear,https://github.com/sobri3195/Pegasus-spear,Utilities & Other Tools,token_count,12
197,Pegasus-spear,https://github.com/sobri3195/Pegasus-spear,Utilities & Other Tools,security_keyword_hits,0
197,Pegasus-spear,https://github.com/sobri3195/Pegasus-spear,Utilities & Other Tools,has_ai_signal,0
197,Pegasus-spear,https://github.com/sobri3195/Pegasus-spear,Utilities & Other Tools,has_web_signal,0
197,Pegasus-spear,https://github.com/sobri3195/Pegasus-spear,Utilities & Other Tools,has_mobile_signal,0
197,Pegasus-spear,https://github.com/sobri3195/Pegasus-spear,Utilities & Other Tools,has_osint_signal,0
197,Pegasus-spear,https://github.com/sobri3195/Pegasus-spear,Utilities & Other Tools,has_automation_signal,0
197,Pegasus-spear,https://github.com/sobri3195/Pegasus-spear,Utilities & Other Tools,description_length,94
197,Pegasus-spear,https://github.com/sobri3195/Pegasus-spear,Utilities & Other Tools,inferred_language,Python
198,Spotify-Account-Creator,https://github.com/sobri3195/Spotify-Account-Creator,Utilities & Other Tools,token_count,21
198,Spotify-Account-Creator,https://github.com/sobri3195/Spotify-Account-Creator,Utilities & Other Tools,security_keyword_hits,0
198,Spotify-Account-Creator,https://github.com/sobri3195/Spotify-Account-Creator,Utilities & Other Tools,has_ai_signal,0
198,Spotify-Account-Creator,https://github.com/sobri3195/Spotify-Account-Creator,Utilities & Other Tools,has_web_signal,0
198,Spotify-Account-Creator,https://github.com/sobri3195/Spotify-Account-Creator,Utilities & Other Tools,has_mobile_signal,0
198,Spotify-Account-Creator,https://github.com/sobri3195/Spotify-Account-Creator,Utilities & Other Tools,has_osint_signal,0
198,Spotify-Account-Creator,https://github.com/sobri3195/Spotify-Account-Creator,Utilities & Other Tools,has_automation_signal,1
198,Spotify-Account-Creator,https://github.com/sobri3195/Spotify-Account-Creator,Utilities & Other Tools,description_length,145
198,Spotify-Account-Creator,https://github.com/sobri3195/Spotify-Account-Creator,Utilities & Other Tools,inferred_language,Python
199,visitormaker,https://github.com/sobri3195/visitormaker,Utilities & Other Tools,token_count,10
199,visitormaker,https://github.com/sobri3195/visitormaker,Utilities & Other Tools,security_keyword_hits,0
199,visitormaker,https://github.com/sobri3195/visitormaker,Utilities & Other Tools,has_ai_signal,0
199,visitormaker,https://github.com/sobri3195/visitormaker,Utilities & Other Tools,has_web_signal,0
199,visitormaker,https://github.com/sobri3195/visitormaker,Utilities & Other Tools,has_mobile_signal,0
199,visitormaker,https://github.com/sobri3195/visitormaker,Utilities & Other Tools,has_osint_signal,0
199,visitormaker,https://github.com/sobri3195/visitormaker,Utilities & Other Tools,has_automation_signal,1
199,visitormaker,https://github.com/sobri3195/visitormaker,Utilities & Other Tools,description_length,58
199,visitormaker,https://github.com/sobri3195/visitormaker,Utilities & Other Tools,inferred_language,Unknown
200,pegasus-ctf,https://github.com/sobri3195/pegasus-ctf,Utilities & Other Tools,token_count,2
200,pegasus-ctf,https://github.com/sobri3195/pegasus-ctf,Utilities & Other Tools,security_keyword_hits,0
200,pegasus-ctf,https://github.com/sobri3195/pegasus-ctf,Utilities & Other Tools,has_ai_signal,0
200,pegasus-ctf,https://github.com/sobri3195/pegasus-ctf,Utilities & Other Tools,has_web_signal,0
200,pegasus-ctf,https://github.com/sobri3195/pegasus-ctf,Utilities & Other Tools,has_mobile_signal,0
200,pegasus-ctf,https://github.com/sobri3195/pegasus-ctf,Utilities & Other Tools,has_osint_signal,0
200,pegasus-ctf,https://github.com/sobri3195/pegasus-ctf,Utilities & Other Tools,has_automation_signal,0
200,pegasus-ctf,https://github.com/sobri3195/pegasus-ctf,Utilities & Other Tools,description_length,10
200,pegasus-ctf,https://github.com/sobri3195/pegasus-ctf,Utilities & Other Tools,inferred_language,Unknown
201,pegasus-scapy,https://github.com/sobri3195/pegasus-scapy,Utilities & Other Tools,token_count,8
201,pegasus-scapy,https://github.com/sobri3195/pegasus-scapy,Utilities & Other Tools,security_keyword_hits,1
201,pegasus-scapy,https://github.com/sobri3195/pegasus-scapy,Utilities & Other Tools,has_ai_signal,0
201,pegasus-scapy,https://github.com/sobri3195/pegasus-scapy,Utilities & Other Tools,has_web_signal,0
201,pegasus-scapy,https://github.com/sobri3195/pegasus-scapy,Utilities & Other Tools,has_mobile_signal,0
201,pegasus-scapy,https://github.com/sobri3195/pegasus-scapy,Utilities & Other Tools,has_osint_signal,0
201,pegasus-scapy,https://github.com/sobri3195/pegasus-scapy,Utilities & Other Tools,has_automation_signal,0
201,pegasus-scapy,https://github.com/sobri3195/pegasus-scapy,Utilities & Other Tools,description_length,67
201,pegasus-scapy,https://github.com/sobri3195/pegasus-scapy,Utilities & Other Tools,inferred_language,Unknown
202,Pegasus-Instagram,https://github.com/sobri3195/Pegasus-Instagram,Utilities & Other Tools,token_count,3
202,Pegasus-Instagram,https://github.com/sobri3195/Pegasus-Instagram,Utilities & Other Tools,security_keyword_hits,0
202,Pegasus-Instagram,https://github.com/sobri3195/Pegasus-Instagram,Utilities & Other Tools,has_ai_signal,0
202,Pegasus-Instagram,https://github.com/sobri3195/Pegasus-Instagram,Utilities & Other Tools,has_web_signal,0
202,Pegasus-Instagram,https://github.com/sobri3195/Pegasus-Instagram,Utilities & Other Tools,has_mobile_signal,0
202,Pegasus-Instagram,https://github.com/sobri3195/Pegasus-Instagram,Utilities & Other Tools,has_osint_signal,0
202,Pegasus-Instagram,https://github.com/sobri3195/Pegasus-Instagram,Utilities & Other Tools,has_automation_signal,0
202,Pegasus-Instagram,https://github.com/sobri3195/Pegasus-Instagram,Utilities & Other Tools,description_length,21
202,Pegasus-Instagram,https://github.com/sobri3195/Pegasus-Instagram,Utilities & Other Tools,inferred_language,Unknown
203,EBM-FKUI,https://github.com/sobri3195/EBM-FKUI,Utilities & Other Tools,token_count,3
203,EBM-FKUI,https://github.com/sobri3195/EBM-FKUI,Utilities & Other Tools,security_keyword_hits,0
203,EBM-FKUI,https://github.com/sobri3195/EBM-FKUI,Utilities & Other Tools,has_ai_signal,0
203,EBM-FKUI,https://github.com/sobri3195/EBM-FKUI,Utilities & Other Tools,has_web_signal,0
203,EBM-FKUI,https://github.com/sobri3195/EBM-FKUI,Utilities & Other Tools,has_mobile_signal,0
203,EBM-FKUI,https://github.com/sobri3195/EBM-FKUI,Utilities & Other Tools,has_osint_signal,0
203,EBM-FKUI,https://github.com/sobri3195/EBM-FKUI,Utilities & Other Tools,has_automation_signal,0
203,EBM-FKUI,https://github.com/sobri3195/EBM-FKUI,Utilities & Other Tools,description_length,23
203,EBM-FKUI,https://github.com/sobri3195/EBM-FKUI,Utilities & Other Tools,inferred_language,Unknown
204,pegasus,https://github.com/sobri3195/pegasus,Utilities & Other Tools,token_count,6
204,pegasus,https://github.com/sobri3195/pegasus,Utilities & Other Tools,security_keyword_hits,0
204,pegasus,https://github.com/sobri3195/pegasus,Utilities & Other Tools,has_ai_signal,0
204,pegasus,https://github.com/sobri3195/pegasus,Utilities & Other Tools,has_web_signal,0
204,pegasus,https://github.com/sobri3195/pegasus,Utilities & Other Tools,has_mobile_signal,0
204,pegasus,https://github.com/sobri3195/pegasus,Utilities & Other Tools,has_osint_signal,0
204,pegasus,https://github.com/sobri3195/pegasus,Utilities & Other Tools,has_automation_signal,0
204,pegasus,https://github.com/sobri3195/pegasus,Utilities & Other Tools,description_length,50
204,pegasus,https://github.com/sobri3195/pegasus,Utilities & Other Tools,inferred_language,Unknown
205,Pegasus-Quiz-Learning-App,https://github.com/sobri3195/Pegasus-Quiz-Learning-App,Utilities & Other Tools,token_count,15
205,Pegasus-Quiz-Learning-App,https://github.com/sobri3195/Pegasus-Quiz-Learning-App,Utilities & Other Tools,security_keyword_hits,0
205,Pegasus-Quiz-Learning-App,https://github.com/sobri3195/Pegasus-Quiz-Learning-App,Utilities & Other Tools,has_ai_signal,0
205,Pegasus-Quiz-Learning-App,https://github.com/sobri3195/Pegasus-Quiz-Learning-App,Utilities & Other Tools,has_web_signal,0
205,Pegasus-Quiz-Learning-App,https://github.com/sobri3195/Pegasus-Quiz-Learning-App,Utilities & Other Tools,has_mobile_signal,0
205,Pegasus-Quiz-Learning-App,https://github.com/sobri3195/Pegasus-Quiz-Learning-App,Utilities & Other Tools,has_osint_signal,0
205,Pegasus-Quiz-Learning-App,https://github.com/sobri3195/Pegasus-Quiz-Learning-App,Utilities & Other Tools,has_automation_signal,0
205,Pegasus-Quiz-Learning-App,https://github.com/sobri3195/Pegasus-Quiz-Learning-App,Utilities & Other Tools,description_length,99
205,Pegasus-Quiz-Learning-App,https://github.com/sobri3195/Pegasus-Quiz-Learning-App,Utilities & Other Tools,inferred_language,Unknown
206,sobri3195.github.io,https://github.com/sobri3195/sobri3195.github.io,Utilities & Other Tools,token_count,9
206,sobri3195.github.io,https://github.com/sobri3195/sobri3195.github.io,Utilities & Other Tools,security_keyword_hits,0
206,sobri3195.github.io,https://github.com/sobri3195/sobri3195.github.io,Utilities & Other Tools,has_ai_signal,0
206,sobri3195.github.io,https://github.com/sobri3195/sobri3195.github.io,Utilities & Other Tools,has_web_signal,0
206,sobri3195.github.io,https://github.com/sobri3195/sobri3195.github.io,Utilities & Other Tools,has_mobile_signal,0
206,sobri3195.github.io,https://github.com/sobri3195/sobri3195.github.io,Utilities & Other Tools,has_osint_signal,0
206,sobri3195.github.io,https://github.com/sobri3195/sobri3195.github.io,Utilities & Other Tools,has_automation_signal,0
206,sobri3195.github.io,https://github.com/sobri3195/sobri3195.github.io,Utilities & Other Tools,description_length,43
206,sobri3195.github.io,https://github.com/sobri3195/sobri3195.github.io,Utilities & Other Tools,inferred_language,Unknown
207,Blog-Dokter-Sobri,https://github.com/sobri3195/Blog-Dokter-Sobri,Utilities & Other Tools,token_count,9
207,Blog-Dokter-Sobri,https://github.com/sobri3195/Blog-Dokter-Sobri,Utilities & Other Tools,security_keyword_hits,0
207,Blog-Dokter-Sobri,https://github.com/sobri3195/Blog-Dokter-Sobri,Utilities & Other Tools,has_ai_signal,0
207,Blog-Dokter-Sobri,https://github.com/sobri3195/Blog-Dokter-Sobri,Utilities & Other Tools,has_web_signal,0
207,Blog-Dokter-Sobri,https://github.com/sobri3195/Blog-Dokter-Sobri,Utilities & Other Tools,has_mobile_signal,0
207,Blog-Dokter-Sobri,https://github.com/sobri3195/Blog-Dokter-Sobri,Utilities & Other Tools,has_osint_signal,0
207,Blog-Dokter-Sobri,https://github.com/sobri3195/Blog-Dokter-Sobri,Utilities & Other Tools,has_automation_signal,0
207,Blog-Dokter-Sobri,https://github.com/sobri3195/Blog-Dokter-Sobri,Utilities & Other Tools,description_length,69
207,Blog-Dokter-Sobri,https://github.com/sobri3195/Blog-Dokter-Sobri,Utilities & Other Tools,inferred_language,Unknown
208,Cybersecurity-for-Healthcare-Indonesia,https://github.com/sobri3195/Cybersecurity-for-Healthcare-Indonesia,Utilities & Other Tools,token_count,6
208,Cybersecurity-for-Healthcare-Indonesia,https://github.com/sobri3195/Cybersecurity-for-Healthcare-Indonesia,Utilities & Other Tools,security_keyword_hits,0
208,Cybersecurity-for-Healthcare-Indonesia,https://github.com/sobri3195/Cybersecurity-for-Healthcare-Indonesia,Utilities & Other Tools,has_ai_signal,0
208,Cybersecurity-for-Healthcare-Indonesia,https://github.com/sobri3195/Cybersecurity-for-Healthcare-Indonesia,Utilities & Other Tools,has_web_signal,0
208,Cybersecurity-for-Healthcare-Indonesia,https://github.com/sobri3195/Cybersecurity-for-Healthcare-Indonesia,Utilities & Other Tools,has_mobile_signal,0
208,Cybersecurity-for-Healthcare-Indonesia,https://github.com/sobri3195/Cybersecurity-for-Healthcare-Indonesia,Utilities & Other Tools,has_osint_signal,0
208,Cybersecurity-for-Healthcare-Indonesia,https://github.com/sobri3195/Cybersecurity-for-Healthcare-Indonesia,Utilities & Other Tools,has_automation_signal,0
208,Cybersecurity-for-Healthcare-Indonesia,https://github.com/sobri3195/Cybersecurity-for-Healthcare-Indonesia,Utilities & Other Tools,description_length,46
208,Cybersecurity-for-Healthcare-Indonesia,https://github.com/sobri3195/Cybersecurity-for-Healthcare-Indonesia,Utilities & Other Tools,inferred_language,Unknown
209,Pegasus-Exam-Practice-Platform,https://github.com/sobri3195/Pegasus-Exam-Practice-Platform,Utilities & Other Tools,token_count,21
209,Pegasus-Exam-Practice-Platform,https://github.com/sobri3195/Pegasus-Exam-Practice-Platform,Utilities & Other Tools,security_keyword_hits,0
209,Pegasus-Exam-Practice-Platform,https://github.com/sobri3195/Pegasus-Exam-Practice-Platform,Utilities & Other Tools,has_ai_signal,0
209,Pegasus-Exam-Practice-Platform,https://github.com/sobri3195/Pegasus-Exam-Practice-Platform,Utilities & Other Tools,has_web_signal,0
209,Pegasus-Exam-Practice-Platform,https://github.com/sobri3195/Pegasus-Exam-Practice-Platform,Utilities & Other Tools,has_mobile_signal,0
209,Pegasus-Exam-Practice-Platform,https://github.com/sobri3195/Pegasus-Exam-Practice-Platform,Utilities & Other Tools,has_osint_signal,0
209,Pegasus-Exam-Practice-Platform,https://github.com/sobri3195/Pegasus-Exam-Practice-Platform,Utilities & Other Tools,has_automation_signal,0
209,Pegasus-Exam-Practice-Platform,https://github.com/sobri3195/Pegasus-Exam-Practice-Platform,Utilities & Other Tools,description_length,137
209,Pegasus-Exam-Practice-Platform,https://github.com/sobri3195/Pegasus-Exam-Practice-Platform,Utilities & Other Tools,inferred_language,Unknown
210,Pegasus-HTTP-Status-Inspector,https://github.com/sobri3195/Pegasus-HTTP-Status-Inspector,Utilities & Other Tools,token_count,10
210,Pegasus-HTTP-Status-Inspector,https://github.com/sobri3195/Pegasus-HTTP-Status-Inspector,Utilities & Other Tools,security_keyword_hits,0
210,Pegasus-HTTP-Status-Inspector,https://github.com/sobri3195/Pegasus-HTTP-Status-Inspector,Utilities & Other Tools,has_ai_signal,0
210,Pegasus-HTTP-Status-Inspector,https://github.com/sobri3195/Pegasus-HTTP-Status-Inspector,Utilities & Other Tools,has_web_signal,0
210,Pegasus-HTTP-Status-Inspector,https://github.com/sobri3195/Pegasus-HTTP-Status-Inspector,Utilities & Other Tools,has_mobile_signal,0
210,Pegasus-HTTP-Status-Inspector,https://github.com/sobri3195/Pegasus-HTTP-Status-Inspector,Utilities & Other Tools,has_osint_signal,0
210,Pegasus-HTTP-Status-Inspector,https://github.com/sobri3195/Pegasus-HTTP-Status-Inspector,Utilities & Other Tools,has_automation_signal,0
210,Pegasus-HTTP-Status-Inspector,https://github.com/sobri3195/Pegasus-HTTP-Status-Inspector,Utilities & Other Tools,description_length,74
210,Pegasus-HTTP-Status-Inspector,https://github.com/sobri3195/Pegasus-HTTP-Status-Inspector,Utilities & Other Tools,inferred_language,Python
211,sobri.github.io,https://github.com/sobri3195/sobri.github.io,Utilities & Other Tools,token_count,9
211,sobri.github.io,https://github.com/sobri3195/sobri.github.io,Utilities & Other Tools,security_keyword_hits,0
211,sobri.github.io,https://github.com/sobri3195/sobri.github.io,Utilities & Other Tools,has_ai_signal,0
211,sobri.github.io,https://github.com/sobri3195/sobri.github.io,Utilities & Other Tools,has_web_signal,0
211,sobri.github.io,https://github.com/sobri3195/sobri.github.io,Utilities & Other Tools,has_mobile_signal,0
211,sobri.github.io,https://github.com/sobri3195/sobri.github.io,Utilities & Other Tools,has_osint_signal,0
211,sobri.github.io,https://github.com/sobri3195/sobri.github.io,Utilities & Other Tools,has_automation_signal,0
211,sobri.github.io,https://github.com/sobri3195/sobri.github.io,Utilities & Other Tools,description_length,43
211,sobri.github.io,https://github.com/sobri3195/sobri.github.io,Utilities & Other Tools,inferred_language,Unknown
212,awesome-healthcare-datasets-indonesia,https://github.com/sobri3195/awesome-healthcare-datasets-indonesia,Utilities & Other Tools,token_count,12
212,awesome-healthcare-datasets-indonesia,https://github.com/sobri3195/awesome-healthcare-datasets-indonesia,Utilities & Other Tools,security_keyword_hits,0
212,awesome-healthcare-datasets-indonesia,https://github.com/sobri3195/awesome-healthcare-datasets-indonesia,Utilities & Other Tools,has_ai_signal,0
212,awesome-healthcare-datasets-indonesia,https://github.com/sobri3195/awesome-healthcare-datasets-indonesia,Utilities & Other Tools,has_web_signal,0
212,awesome-healthcare-datasets-indonesia,https://github.com/sobri3195/awesome-healthcare-datasets-indonesia,Utilities & Other Tools,has_mobile_signal,0
212,awesome-healthcare-datasets-indonesia,https://github.com/sobri3195/awesome-healthcare-datasets-indonesia,Utilities & Other Tools,has_osint_signal,0
212,awesome-healthcare-datasets-indonesia,https://github.com/sobri3195/awesome-healthcare-datasets-indonesia,Utilities & Other Tools,has_automation_signal,0
212,awesome-healthcare-datasets-indonesia,https://github.com/sobri3195/awesome-healthcare-datasets-indonesia,Utilities & Other Tools,description_length,93
212,awesome-healthcare-datasets-indonesia,https://github.com/sobri3195/awesome-healthcare-datasets-indonesia,Utilities & Other Tools,inferred_language,Unknown
213,backend_test,https://github.com/sobri3195/backend_test,Utilities & Other Tools,token_count,9
213,backend_test,https://github.com/sobri3195/backend_test,Utilities & Other Tools,security_keyword_hits,0
213,backend_test,https://github.com/sobri3195/backend_test,Utilities & Other Tools,has_ai_signal,0
213,backend_test,https://github.com/sobri3195/backend_test,Utilities & Other Tools,has_web_signal,0
213,backend_test,https://github.com/sobri3195/backend_test,Utilities & Other Tools,has_mobile_signal,0
213,backend_test,https://github.com/sobri3195/backend_test,Utilities & Other Tools,has_osint_signal,0
213,backend_test,https://github.com/sobri3195/backend_test,Utilities & Other Tools,has_automation_signal,0
213,backend_test,https://github.com/sobri3195/backend_test,Utilities & Other Tools,description_length,52
213,backend_test,https://github.com/sobri3195/backend_test,Utilities & Other Tools,inferred_language,Unknown
214,Cars,https://github.com/sobri3195/Cars,Utilities & Other Tools,token_count,2
214,Cars,https://github.com/sobri3195/Cars,Utilities & Other Tools,security_keyword_hits,0
214,Cars,https://github.com/sobri3195/Cars,Utilities & Other Tools,has_ai_signal,0
214,Cars,https://github.com/sobri3195/Cars,Utilities & Other Tools,has_web_signal,0
214,Cars,https://github.com/sobri3195/Cars,Utilities & Other Tools,has_mobile_signal,0
214,Cars,https://github.com/sobri3195/Cars,Utilities & Other Tools,has_osint_signal,0
214,Cars,https://github.com/sobri3195/Cars,Utilities & Other Tools,has_automation_signal,0
214,Cars,https://github.com/sobri3195/Cars,Utilities & Other Tools,description_length,18
214,Cars,https://github.com/sobri3195/Cars,Utilities & Other Tools,inferred_language,Unknown
215,frontend_test,https://github.com/sobri3195/frontend_test,Utilities & Other Tools,token_count,4
215,frontend_test,https://github.com/sobri3195/frontend_test,Utilities & Other Tools,security_keyword_hits,0
215,frontend_test,https://github.com/sobri3195/frontend_test,Utilities & Other Tools,has_ai_signal,0
215,frontend_test,https://github.com/sobri3195/frontend_test,Utilities & Other Tools,has_web_signal,0
215,frontend_test,https://github.com/sobri3195/frontend_test,Utilities & Other Tools,has_mobile_signal,0
215,frontend_test,https://github.com/sobri3195/frontend_test,Utilities & Other Tools,has_osint_signal,0
215,frontend_test,https://github.com/sobri3195/frontend_test,Utilities & Other Tools,has_automation_signal,0
215,frontend_test,https://github.com/sobri3195/frontend_test,Utilities & Other Tools,description_length,25
215,frontend_test,https://github.com/sobri3195/frontend_test,Utilities & Other Tools,inferred_language,Unknown
216,Pegasus-Blocking-Akun,https://github.com/sobri3195/Pegasus-Blocking-Akun,Utilities & Other Tools,token_count,10
216,Pegasus-Blocking-Akun,https://github.com/sobri3195/Pegasus-Blocking-Akun,Utilities & Other Tools,security_keyword_hits,0
216,Pegasus-Blocking-Akun,https://github.com/sobri3195/Pegasus-Blocking-Akun,Utilities & Other Tools,has_ai_signal,0
216,Pegasus-Blocking-Akun,https://github.com/sobri3195/Pegasus-Blocking-Akun,Utilities & Other Tools,has_web_signal,0
216,Pegasus-Blocking-Akun,https://github.com/sobri3195/Pegasus-Blocking-Akun,Utilities & Other Tools,has_mobile_signal,0
216,Pegasus-Blocking-Akun,https://github.com/sobri3195/Pegasus-Blocking-Akun,Utilities & Other Tools,has_osint_signal,0
216,Pegasus-Blocking-Akun,https://github.com/sobri3195/Pegasus-Blocking-Akun,Utilities & Other Tools,has_automation_signal,0
216,Pegasus-Blocking-Akun,https://github.com/sobri3195/Pegasus-Blocking-Akun,Utilities & Other Tools,description_length,71
216,Pegasus-Blocking-Akun,https://github.com/sobri3195/Pegasus-Blocking-Akun,Utilities & Other Tools,inferred_language,Unknown
217,Pegasus-bot-jowp,https://github.com/sobri3195/Pegasus-bot-jowp,Utilities & Other Tools,token_count,2
217,Pegasus-bot-jowp,https://github.com/sobri3195/Pegasus-bot-jowp,Utilities & Other Tools,security_keyword_hits,0
217,Pegasus-bot-jowp,https://github.com/sobri3195/Pegasus-bot-jowp,Utilities & Other Tools,has_ai_signal,0
217,Pegasus-bot-jowp,https://github.com/sobri3195/Pegasus-bot-jowp,Utilities & Other Tools,has_web_signal,0
217,Pegasus-bot-jowp,https://github.com/sobri3195/Pegasus-bot-jowp,Utilities & Other Tools,has_mobile_signal,0
217,Pegasus-bot-jowp,https://github.com/sobri3195/Pegasus-bot-jowp,Utilities & Other Tools,has_osint_signal,0
217,Pegasus-bot-jowp,https://github.com/sobri3195/Pegasus-bot-jowp,Utilities & Other Tools,has_automation_signal,0
217,Pegasus-bot-jowp,https://github.com/sobri3195/Pegasus-bot-jowp,Utilities & Other Tools,description_length,11
217,Pegasus-bot-jowp,https://github.com/sobri3195/Pegasus-bot-jowp,Utilities & Other Tools,inferred_language,Unknown
218,Pegasus-brute-ftp,https://github.com/sobri3195/Pegasus-brute-ftp,Utilities & Other Tools,token_count,5
218,Pegasus-brute-ftp,https://github.com/sobri3195/Pegasus-brute-ftp,Utilities & Other Tools,security_keyword_hits,0
218,Pegasus-brute-ftp,https://github.com/sobri3195/Pegasus-brute-ftp,Utilities & Other Tools,has_ai_signal,0
218,Pegasus-brute-ftp,https://github.com/sobri3195/Pegasus-brute-ftp,Utilities & Other Tools,has_web_signal,0
218,Pegasus-brute-ftp,https://github.com/sobri3195/Pegasus-brute-ftp,Utilities & Other Tools,has_mobile_signal,0
218,Pegasus-brute-ftp,https://github.com/sobri3195/Pegasus-brute-ftp,Utilities & Other Tools,has_osint_signal,0
218,Pegasus-brute-ftp,https://github.com/sobri3195/Pegasus-brute-ftp,Utilities & Other Tools,has_automation_signal,0
218,Pegasus-brute-ftp,https://github.com/sobri3195/Pegasus-brute-ftp,Utilities & Other Tools,description_length,29
218,Pegasus-brute-ftp,https://github.com/sobri3195/Pegasus-brute-ftp,Utilities & Other Tools,inferred_language,Unknown
219,pegasus-quizpluginwp,https://github.com/sobri3195/pegasus-quizpluginwp,Utilities & Other Tools,token_count,10
219,pegasus-quizpluginwp,https://github.com/sobri3195/pegasus-quizpluginwp,Utilities & Other Tools,security_keyword_hits,0
219,pegasus-quizpluginwp,https://github.com/sobri3195/pegasus-quizpluginwp,Utilities & Other Tools,has_ai_signal,0
219,pegasus-quizpluginwp,https://github.com/sobri3195/pegasus-quizpluginwp,Utilities & Other Tools,has_web_signal,0
219,pegasus-quizpluginwp,https://github.com/sobri3195/pegasus-quizpluginwp,Utilities & Other Tools,has_mobile_signal,0
219,pegasus-quizpluginwp,https://github.com/sobri3195/pegasus-quizpluginwp,Utilities & Other Tools,has_osint_signal,0
219,pegasus-quizpluginwp,https://github.com/sobri3195/pegasus-quizpluginwp,Utilities & Other Tools,has_automation_signal,0
219,pegasus-quizpluginwp,https://github.com/sobri3195/pegasus-quizpluginwp,Utilities & Other Tools,description_length,70
219,pegasus-quizpluginwp,https://github.com/sobri3195/pegasus-quizpluginwp,Utilities & Other Tools,inferred_language,Unknown
220,pegasusperl,https://github.com/sobri3195/pegasusperl,Utilities & Other Tools,token_count,3
220,pegasusperl,https://github.com/sobri3195/pegasusperl,Utilities & Other Tools,security_keyword_hits,0
220,pegasusperl,https://github.com/sobri3195/pegasusperl,Utilities & Other Tools,has_ai_signal,0
220,pegasusperl,https://github.com/sobri3195/pegasusperl,Utilities & Other Tools,has_web_signal,0
220,pegasusperl,https://github.com/sobri3195/pegasusperl,Utilities & Other Tools,has_mobile_signal,0
220,pegasusperl,https://github.com/sobri3195/pegasusperl,Utilities & Other Tools,has_osint_signal,0
220,pegasusperl,https://github.com/sobri3195/pegasusperl,Utilities & Other Tools,has_automation_signal,0
220,pegasusperl,https://github.com/sobri3195/pegasusperl,Utilities & Other Tools,description_length,20
220,pegasusperl,https://github.com/sobri3195/pegasusperl,Utilities & Other Tools,inferred_language,Unknown
221,ResearchBox,https://github.com/sobri3195/ResearchBox,Utilities & Other Tools,token_count,5
221,ResearchBox,https://github.com/sobri3195/ResearchBox,Utilities & Other Tools,security_keyword_hits,0
221,ResearchBox,https://github.com/sobri3195/ResearchBox,Utilities & Other Tools,has_ai_signal,0
221,ResearchBox,https://github.com/sobri3195/ResearchBox,Utilities & Other Tools,has_web_signal,0
221,ResearchBox,https://github.com/sobri3195/ResearchBox,Utilities & Other Tools,has_mobile_signal,0
221,ResearchBox,https://github.com/sobri3195/ResearchBox,Utilities & Other Tools,has_osint_signal,0
221,ResearchBox,https://github.com/sobri3195/ResearchBox,Utilities & Other Tools,has_automation_signal,0
221,ResearchBox,https://github.com/sobri3195/ResearchBox,Utilities & Other Tools,description_length,45
221,ResearchBox,https://github.com/sobri3195/ResearchBox,Utilities & Other Tools,inferred_language,Unknown
222,SIMRS-SOBRI,https://github.com/sobri3195/SIMRS-SOBRI,Utilities & Other Tools,token_count,27
222,SIMRS-SOBRI,https://github.com/sobri3195/SIMRS-SOBRI,Utilities & Other Tools,security_keyword_hits,0
222,SIMRS-SOBRI,https://github.com/sobri3195/SIMRS-SOBRI,Utilities & Other Tools,has_ai_signal,0
222,SIMRS-SOBRI,https://github.com/sobri3195/SIMRS-SOBRI,Utilities & Other Tools,has_web_signal,0
222,SIMRS-SOBRI,https://github.com/sobri3195/SIMRS-SOBRI,Utilities & Other Tools,has_mobile_signal,0
222,SIMRS-SOBRI,https://github.com/sobri3195/SIMRS-SOBRI,Utilities & Other Tools,has_osint_signal,0
222,SIMRS-SOBRI,https://github.com/sobri3195/SIMRS-SOBRI,Utilities & Other Tools,has_automation_signal,0
222,SIMRS-SOBRI,https://github.com/sobri3195/SIMRS-SOBRI,Utilities & Other Tools,description_length,185
222,SIMRS-SOBRI,https://github.com/sobri3195/SIMRS-SOBRI,Utilities & Other Tools,inferred_language,Unknown
223,Ultimate3dcarousel,https://github.com/sobri3195/Ultimate3dcarousel,Utilities & Other Tools,token_count,26
223,Ultimate3dcarousel,https://github.com/sobri3195/Ultimate3dcarousel,Utilities & Other Tools,security_keyword_hits,0
223,Ultimate3dcarousel,https://github.com/sobri3195/Ultimate3dcarousel,Utilities & Other Tools,has_ai_signal,0
223,Ultimate3dcarousel,https://github.com/sobri3195/Ultimate3dcarousel,Utilities & Other Tools,has_web_signal,0
223,Ultimate3dcarousel,https://github.com/sobri3195/Ultimate3dcarousel,Utilities & Other Tools,has_mobile_signal,0
223,Ultimate3dcarousel,https://github.com/sobri3195/Ultimate3dcarousel,Utilities & Other Tools,has_osint_signal,0
223,Ultimate3dcarousel,https://github.com/sobri3195/Ultimate3dcarousel,Utilities & Other Tools,has_automation_signal,0
223,Ultimate3dcarousel,https://github.com/sobri3195/Ultimate3dcarousel,Utilities & Other Tools,description_length,178
223,Ultimate3dcarousel,https://github.com/sobri3195/Ultimate3dcarousel,Utilities & Other Tools,inferred_language,Unknown
224,blogdoktersobri,https://github.com/sobri3195/blogdoktersobri,Utilities & Other Tools,token_count,5
224,blogdoktersobri,https://github.com/sobri3195/blogdoktersobri,Utilities & Other Tools,security_keyword_hits,0
224,blogdoktersobri,https://github.com/sobri3195/blogdoktersobri,Utilities & Other Tools,has_ai_signal,0
224,blogdoktersobri,https://github.com/sobri3195/blogdoktersobri,Utilities & Other Tools,has_web_signal,0
224,blogdoktersobri,https://github.com/sobri3195/blogdoktersobri,Utilities & Other Tools,has_mobile_signal,0
224,blogdoktersobri,https://github.com/sobri3195/blogdoktersobri,Utilities & Other Tools,has_osint_signal,0
224,blogdoktersobri,https://github.com/sobri3195/blogdoktersobri,Utilities & Other Tools,has_automation_signal,0
224,blogdoktersobri,https://github.com/sobri3195/blogdoktersobri,Utilities & Other Tools,description_length,36
224,blogdoktersobri,https://github.com/sobri3195/blogdoktersobri,Utilities & Other Tools,inferred_language,Unknown
225,ebookpegasushacker,https://github.com/sobri3195/ebookpegasushacker,Utilities & Other Tools,token_count,13
225,ebookpegasushacker,https://github.com/sobri3195/ebookpegasushacker,Utilities & Other Tools,security_keyword_hits,0
225,ebookpegasushacker,https://github.com/sobri3195/ebookpegasushacker,Utilities & Other Tools,has_ai_signal,0
225,ebookpegasushacker,https://github.com/sobri3195/ebookpegasushacker,Utilities & Other Tools,has_web_signal,0
225,ebookpegasushacker,https://github.com/sobri3195/ebookpegasushacker,Utilities & Other Tools,has_mobile_signal,0
225,ebookpegasushacker,https://github.com/sobri3195/ebookpegasushacker,Utilities & Other Tools,has_osint_signal,0
225,ebookpegasushacker,https://github.com/sobri3195/ebookpegasushacker,Utilities & Other Tools,has_automation_signal,0
225,ebookpegasushacker,https://github.com/sobri3195/ebookpegasushacker,Utilities & Other Tools,description_length,86
225,ebookpegasushacker,https://github.com/sobri3195/ebookpegasushacker,Utilities & Other Tools,inferred_language,Unknown
226,management_system.py,https://github.com/sobri3195/management_system.py,Utilities & Other Tools,token_count,24
226,management_system.py,https://github.com/sobri3195/management_system.py,Utilities & Other Tools,security_keyword_hits,0
226,management_system.py,https://github.com/sobri3195/management_system.py,Utilities & Other Tools,has_ai_signal,0
226,management_system.py,https://github.com/sobri3195/management_system.py,Utilities & Other Tools,has_web_signal,0
226,management_system.py,https://github.com/sobri3195/management_system.py,Utilities & Other Tools,has_mobile_signal,0
226,management_system.py,https://github.com/sobri3195/management_system.py,Utilities & Other Tools,has_osint_signal,0
226,management_system.py,https://github.com/sobri3195/management_system.py,Utilities & Other Tools,has_automation_signal,0
226,management_system.py,https://github.com/sobri3195/management_system.py,Utilities & Other Tools,description_length,203
226,management_system.py,https://github.com/sobri3195/management_system.py,Utilities & Other Tools,inferred_language,Unknown
227,Manifold-Change,https://github.com/sobri3195/Manifold-Change,Utilities & Other Tools,token_count,10
227,Manifold-Change,https://github.com/sobri3195/Manifold-Change,Utilities & Other Tools,security_keyword_hits,0
227,Manifold-Change,https://github.com/sobri3195/Manifold-Change,Utilities & Other Tools,has_ai_signal,0
227,Manifold-Change,https://github.com/sobri3195/Manifold-Change,Utilities & Other Tools,has_web_signal,0
227,Manifold-Change,https://github.com/sobri3195/Manifold-Change,Utilities & Other Tools,has_mobile_signal,0
227,Manifold-Change,https://github.com/sobri3195/Manifold-Change,Utilities & Other Tools,has_osint_signal,0
227,Manifold-Change,https://github.com/sobri3195/Manifold-Change,Utilities & Other Tools,has_automation_signal,0
227,Manifold-Change,https://github.com/sobri3195/Manifold-Change,Utilities & Other Tools,description_length,65
227,Manifold-Change,https://github.com/sobri3195/Manifold-Change,Utilities & Other Tools,inferred_language,Unknown
228,medical-record,https://github.com/sobri3195/medical-record,Utilities & Other Tools,token_count,6
228,medical-record,https://github.com/sobri3195/medical-record,Utilities & Other Tools,security_keyword_hits,0
228,medical-record,https://github.com/sobri3195/medical-record,Utilities & Other Tools,has_ai_signal,0
228,medical-record,https://github.com/sobri3195/medical-record,Utilities & Other Tools,has_web_signal,0
228,medical-record,https://github.com/sobri3195/medical-record,Utilities & Other Tools,has_mobile_signal,0
228,medical-record,https://github.com/sobri3195/medical-record,Utilities & Other Tools,has_osint_signal,0
228,medical-record,https://github.com/sobri3195/medical-record,Utilities & Other Tools,has_automation_signal,0
228,medical-record,https://github.com/sobri3195/medical-record,Utilities & Other Tools,description_length,37
228,medical-record,https://github.com/sobri3195/medical-record,Utilities & Other Tools,inferred_language,PHP
229,mencetak-struk-kasir,https://github.com/sobri3195/mencetak-struk-kasir,Utilities & Other Tools,token_count,10
229,mencetak-struk-kasir,https://github.com/sobri3195/mencetak-struk-kasir,Utilities & Other Tools,security_keyword_hits,0
229,mencetak-struk-kasir,https://github.com/sobri3195/mencetak-struk-kasir,Utilities & Other Tools,has_ai_signal,0
229,mencetak-struk-kasir,https://github.com/sobri3195/mencetak-struk-kasir,Utilities & Other Tools,has_web_signal,0
229,mencetak-struk-kasir,https://github.com/sobri3195/mencetak-struk-kasir,Utilities & Other Tools,has_mobile_signal,0
229,mencetak-struk-kasir,https://github.com/sobri3195/mencetak-struk-kasir,Utilities & Other Tools,has_osint_signal,0
229,mencetak-struk-kasir,https://github.com/sobri3195/mencetak-struk-kasir,Utilities & Other Tools,has_automation_signal,0
229,mencetak-struk-kasir,https://github.com/sobri3195/mencetak-struk-kasir,Utilities & Other Tools,description_length,76
229,mencetak-struk-kasir,https://github.com/sobri3195/mencetak-struk-kasir,Utilities & Other Tools,inferred_language,JavaScript
230,Pegasus-hash,https://github.com/sobri3195/Pegasus-hash,Utilities & Other Tools,token_count,5
230,Pegasus-hash,https://github.com/sobri3195/Pegasus-hash,Utilities & Other Tools,security_keyword_hits,0
230,Pegasus-hash,https://github.com/sobri3195/Pegasus-hash,Utilities & Other Tools,has_ai_signal,0
230,Pegasus-hash,https://github.com/sobri3195/Pegasus-hash,Utilities & Other Tools,has_web_signal,0
230,Pegasus-hash,https://github.com/sobri3195/Pegasus-hash,Utilities & Other Tools,has_mobile_signal,0
230,Pegasus-hash,https://github.com/sobri3195/Pegasus-hash,Utilities & Other Tools,has_osint_signal,0
230,Pegasus-hash,https://github.com/sobri3195/Pegasus-hash,Utilities & Other Tools,has_automation_signal,0
230,Pegasus-hash,https://github.com/sobri3195/Pegasus-hash,Utilities & Other Tools,description_length,36
230,Pegasus-hash,https://github.com/sobri3195/Pegasus-hash,Utilities & Other Tools,inferred_language,Unknown
231,Pegasus-Obfuscate,https://github.com/sobri3195/Pegasus-Obfuscate,Utilities & Other Tools,token_count,3
231,Pegasus-Obfuscate,https://github.com/sobri3195/Pegasus-Obfuscate,Utilities & Other Tools,security_keyword_hits,0
231,Pegasus-Obfuscate,https://github.com/sobri3195/Pegasus-Obfuscate,Utilities & Other Tools,has_ai_signal,0
231,Pegasus-Obfuscate,https://github.com/sobri3195/Pegasus-Obfuscate,Utilities & Other Tools,has_web_signal,0
231,Pegasus-Obfuscate,https://github.com/sobri3195/Pegasus-Obfuscate,Utilities & Other Tools,has_mobile_signal,0
231,Pegasus-Obfuscate,https://github.com/sobri3195/Pegasus-Obfuscate,Utilities & Other Tools,has_osint_signal,0
231,Pegasus-Obfuscate,https://github.com/sobri3195/Pegasus-Obfuscate,Utilities & Other Tools,has_automation_signal,0
231,Pegasus-Obfuscate,https://github.com/sobri3195/Pegasus-Obfuscate,Utilities & Other Tools,description_length,27
231,Pegasus-Obfuscate,https://github.com/sobri3195/Pegasus-Obfuscate,Utilities & Other Tools,inferred_language,Python
232,Pegasus-radar,https://github.com/sobri3195/Pegasus-radar,Utilities & Other Tools,token_count,24
232,Pegasus-radar,https://github.com/sobri3195/Pegasus-radar,Utilities & Other Tools,security_keyword_hits,0
232,Pegasus-radar,https://github.com/sobri3195/Pegasus-radar,Utilities & Other Tools,has_ai_signal,0
232,Pegasus-radar,https://github.com/sobri3195/Pegasus-radar,Utilities & Other Tools,has_web_signal,0
232,Pegasus-radar,https://github.com/sobri3195/Pegasus-radar,Utilities & Other Tools,has_mobile_signal,0
232,Pegasus-radar,https://github.com/sobri3195/Pegasus-radar,Utilities & Other Tools,has_osint_signal,0
232,Pegasus-radar,https://github.com/sobri3195/Pegasus-radar,Utilities & Other Tools,has_automation_signal,0
232,Pegasus-radar,https://github.com/sobri3195/Pegasus-radar,Utilities & Other Tools,description_length,203
232,Pegasus-radar,https://github.com/sobri3195/Pegasus-radar,Utilities & Other Tools,inferred_language,Python
233,pegasus-ritm,https://github.com/sobri3195/pegasus-ritm,Utilities & Other Tools,token_count,9
233,pegasus-ritm,https://github.com/sobri3195/pegasus-ritm,Utilities & Other Tools,security_keyword_hits,0
233,pegasus-ritm,https://github.com/sobri3195/pegasus-ritm,Utilities & Other Tools,has_ai_signal,0
233,pegasus-ritm,https://github.com/sobri3195/pegasus-ritm,Utilities & Other Tools,has_web_signal,0
233,pegasus-ritm,https://github.com/sobri3195/pegasus-ritm,Utilities & Other Tools,has_mobile_signal,0
233,pegasus-ritm,https://github.com/sobri3195/pegasus-ritm,Utilities & Other Tools,has_osint_signal,0
233,pegasus-ritm,https://github.com/sobri3195/pegasus-ritm,Utilities & Other Tools,has_automation_signal,0
233,pegasus-ritm,https://github.com/sobri3195/pegasus-ritm,Utilities & Other Tools,description_length,63
233,pegasus-ritm,https://github.com/sobri3195/pegasus-ritm,Utilities & Other Tools,inferred_language,Python
234,pegasuscaptcha,https://github.com/sobri3195/pegasuscaptcha,Utilities & Other Tools,token_count,4
234,pegasuscaptcha,https://github.com/sobri3195/pegasuscaptcha,Utilities & Other Tools,security_keyword_hits,1
234,pegasuscaptcha,https://github.com/sobri3195/pegasuscaptcha,Utilities & Other Tools,has_ai_signal,0
234,pegasuscaptcha,https://github.com/sobri3195/pegasuscaptcha,Utilities & Other Tools,has_web_signal,0
234,pegasuscaptcha,https://github.com/sobri3195/pegasuscaptcha,Utilities & Other Tools,has_mobile_signal,0
234,pegasuscaptcha,https://github.com/sobri3195/pegasuscaptcha,Utilities & Other Tools,has_osint_signal,0
234,pegasuscaptcha,https://github.com/sobri3195/pegasuscaptcha,Utilities & Other Tools,has_automation_signal,0
234,pegasuscaptcha,https://github.com/sobri3195/pegasuscaptcha,Utilities & Other Tools,description_length,29
234,pegasuscaptcha,https://github.com/sobri3195/pegasuscaptcha,Utilities & Other Tools,inferred_language,Unknown
235,php-kalendar-hijriah,https://github.com/sobri3195/php-kalendar-hijriah,Utilities & Other Tools,token_count,9
235,php-kalendar-hijriah,https://github.com/sobri3195/php-kalendar-hijriah,Utilities & Other Tools,security_keyword_hits,0
235,php-kalendar-hijriah,https://github.com/sobri3195/php-kalendar-hijriah,Utilities & Other Tools,has_ai_signal,0
235,php-kalendar-hijriah,https://github.com/sobri3195/php-kalendar-hijriah,Utilities & Other Tools,has_web_signal,0
235,php-kalendar-hijriah,https://github.com/sobri3195/php-kalendar-hijriah,Utilities & Other Tools,has_mobile_signal,0
235,php-kalendar-hijriah,https://github.com/sobri3195/php-kalendar-hijriah,Utilities & Other Tools,has_osint_signal,0
235,php-kalendar-hijriah,https://github.com/sobri3195/php-kalendar-hijriah,Utilities & Other Tools,has_automation_signal,0
235,php-kalendar-hijriah,https://github.com/sobri3195/php-kalendar-hijriah,Utilities & Other Tools,description_length,57
235,php-kalendar-hijriah,https://github.com/sobri3195/php-kalendar-hijriah,Utilities & Other Tools,inferred_language,Unknown
236,skills-build-applications-w-copilot-agent-mode,https://github.com/sobri3195/skills-build-applications-w-copilot-agent-mode,Utilities & Other Tools,token_count,8
236,skills-build-applications-w-copilot-agent-mode,https://github.com/sobri3195/skills-build-applications-w-copilot-agent-mode,Utilities & Other Tools,security_keyword_hits,0
236,skills-build-applications-w-copilot-agent-mode,https://github.com/sobri3195/skills-build-applications-w-copilot-agent-mode,Utilities & Other Tools,has_ai_signal,0
236,skills-build-applications-w-copilot-agent-mode,https://github.com/sobri3195/skills-build-applications-w-copilot-agent-mode,Utilities & Other Tools,has_web_signal,0
236,skills-build-applications-w-copilot-agent-mode,https://github.com/sobri3195/skills-build-applications-w-copilot-agent-mode,Utilities & Other Tools,has_mobile_signal,0
236,skills-build-applications-w-copilot-agent-mode,https://github.com/sobri3195/skills-build-applications-w-copilot-agent-mode,Utilities & Other Tools,has_osint_signal,0
236,skills-build-applications-w-copilot-agent-mode,https://github.com/sobri3195/skills-build-applications-w-copilot-agent-mode,Utilities & Other Tools,has_automation_signal,0
236,skills-build-applications-w-copilot-agent-mode,https://github.com/sobri3195/skills-build-applications-w-copilot-agent-mode,Utilities & Other Tools,description_length,54
236,skills-build-applications-w-copilot-agent-mode,https://github.com/sobri3195/skills-build-applications-w-copilot-agent-mode,Utilities & Other Tools,inferred_language,Unknown
237,Virtual-Pet-Telegram-Bot,https://github.com/sobri3195/Virtual-Pet-Telegram-Bot,Utilities & Other Tools,token_count,17
237,Virtual-Pet-Telegram-Bot,https://github.com/sobri3195/Virtual-Pet-Telegram-Bot,Utilities & Other Tools,security_keyword_hits,0
237,Virtual-Pet-Telegram-Bot,https://github.com/sobri3195/Virtual-Pet-Telegram-Bot,Utilities & Other Tools,has_ai_signal,0
237,Virtual-Pet-Telegram-Bot,https://github.com/sobri3195/Virtual-Pet-Telegram-Bot,Utilities & Other Tools,has_web_signal,0
237,Virtual-Pet-Telegram-Bot,https://github.com/sobri3195/Virtual-Pet-Telegram-Bot,Utilities & Other Tools,has_mobile_signal,0
237,Virtual-Pet-Telegram-Bot,https://github.com/sobri3195/Virtual-Pet-Telegram-Bot,Utilities & Other Tools,has_osint_signal,0
237,Virtual-Pet-Telegram-Bot,https://github.com/sobri3195/Virtual-Pet-Telegram-Bot,Utilities & Other Tools,has_automation_signal,0
237,Virtual-Pet-Telegram-Bot,https://github.com/sobri3195/Virtual-Pet-Telegram-Bot,Utilities & Other Tools,description_length,135
237,Virtual-Pet-Telegram-Bot,https://github.com/sobri3195/Virtual-Pet-Telegram-Bot,Utilities & Other Tools,inferred_language,Unknown
238,whatsapp-bot-gsheet,https://github.com/sobri3195/whatsapp-bot-gsheet,Utilities & Other Tools,token_count,8
238,whatsapp-bot-gsheet,https://github.com/sobri3195/whatsapp-bot-gsheet,Utilities & Other Tools,security_keyword_hits,0
238,whatsapp-bot-gsheet,https://github.com/sobri3195/whatsapp-bot-gsheet,Utilities & Other Tools,has_ai_signal,0
238,whatsapp-bot-gsheet,https://github.com/sobri3195/whatsapp-bot-gsheet,Utilities & Other Tools,has_web_signal,0
238,whatsapp-bot-gsheet,https://github.com/sobri3195/whatsapp-bot-gsheet,Utilities & Other Tools,has_mobile_signal,0
238,whatsapp-bot-gsheet,https://github.com/sobri3195/whatsapp-bot-gsheet,Utilities & Other Tools,has_osint_signal,0
238,whatsapp-bot-gsheet,https://github.com/sobri3195/whatsapp-bot-gsheet,Utilities & Other Tools,has_automation_signal,1
238,whatsapp-bot-gsheet,https://github.com/sobri3195/whatsapp-bot-gsheet,Utilities & Other Tools,description_length,51
238,whatsapp-bot-gsheet,https://github.com/sobri3195/whatsapp-bot-gsheet,Utilities & Other Tools,inferred_language,Unknown
239,AHGI,https://github.com/sobri3195/AHGI,Utilities & Other Tools,token_count,1
239,AHGI,https://github.com/sobri3195/AHGI,Utilities & Other Tools,security_keyword_hits,0
239,AHGI,https://github.com/sobri3195/AHGI,Utilities & Other Tools,has_ai_signal,0
239,AHGI,https://github.com/sobri3195/AHGI,Utilities & Other Tools,has_web_signal,0
239,AHGI,https://github.com/sobri3195/AHGI,Utilities & Other Tools,has_mobile_signal,0
239,AHGI,https://github.com/sobri3195/AHGI,Utilities & Other Tools,has_osint_signal,0
239,AHGI,https://github.com/sobri3195/AHGI,Utilities & Other Tools,has_automation_signal,0
239,AHGI,https://github.com/sobri3195/AHGI,Utilities & Other Tools,description_length,4
239,AHGI,https://github.com/sobri3195/AHGI,Utilities & Other Tools,inferred_language,Unknown
240,Aplikasi-Dashboard-Monitoring-Developer-Activity,https://github.com/sobri3195/Aplikasi-Dashboard-Monitoring-Developer-Activity,Utilities & Other Tools,token_count,5
240,Aplikasi-Dashboard-Monitoring-Developer-Activity,https://github.com/sobri3195/Aplikasi-Dashboard-Monitoring-Developer-Activity,Utilities & Other Tools,security_keyword_hits,0
240,Aplikasi-Dashboard-Monitoring-Developer-Activity,https://github.com/sobri3195/Aplikasi-Dashboard-Monitoring-Developer-Activity,Utilities & Other Tools,has_ai_signal,0
240,Aplikasi-Dashboard-Monitoring-Developer-Activity,https://github.com/sobri3195/Aplikasi-Dashboard-Monitoring-Developer-Activity,Utilities & Other Tools,has_web_signal,0
240,Aplikasi-Dashboard-Monitoring-Developer-Activity,https://github.com/sobri3195/Aplikasi-Dashboard-Monitoring-Developer-Activity,Utilities & Other Tools,has_mobile_signal,0
240,Aplikasi-Dashboard-Monitoring-Developer-Activity,https://github.com/sobri3195/Aplikasi-Dashboard-Monitoring-Developer-Activity,Utilities & Other Tools,has_osint_signal,0
240,Aplikasi-Dashboard-Monitoring-Developer-Activity,https://github.com/sobri3195/Aplikasi-Dashboard-Monitoring-Developer-Activity,Utilities & Other Tools,has_automation_signal,0
240,Aplikasi-Dashboard-Monitoring-Developer-Activity,https://github.com/sobri3195/Aplikasi-Dashboard-Monitoring-Developer-Activity,Utilities & Other Tools,description_length,48
240,Aplikasi-Dashboard-Monitoring-Developer-Activity,https://github.com/sobri3195/Aplikasi-Dashboard-Monitoring-Developer-Activity,Utilities & Other Tools,inferred_language,Unknown
241,CyberHawk-Threat-Intelligence,https://github.com/sobri3195/CyberHawk-Threat-Intelligence,Utilities & Other Tools,token_count,3
241,CyberHawk-Threat-Intelligence,https://github.com/sobri3195/CyberHawk-Threat-Intelligence,Utilities & Other Tools,security_keyword_hits,0
241,CyberHawk-Threat-Intelligence,https://github.com/sobri3195/CyberHawk-Threat-Intelligence,Utilities & Other Tools,has_ai_signal,0
241,CyberHawk-Threat-Intelligence,https://github.com/sobri3195/CyberHawk-Threat-Intelligence,Utilities & Other Tools,has_web_signal,0
241,CyberHawk-Threat-Intelligence,https://github.com/sobri3195/CyberHawk-Threat-Intelligence,Utilities & Other Tools,has_mobile_signal,0
241,CyberHawk-Threat-Intelligence,https://github.com/sobri3195/CyberHawk-Threat-Intelligence,Utilities & Other Tools,has_osint_signal,0
241,CyberHawk-Threat-Intelligence,https://github.com/sobri3195/CyberHawk-Threat-Intelligence,Utilities & Other Tools,has_automation_signal,0
241,CyberHawk-Threat-Intelligence,https://github.com/sobri3195/CyberHawk-Threat-Intelligence,Utilities & Other Tools,description_length,29
241,CyberHawk-Threat-Intelligence,https://github.com/sobri3195/CyberHawk-Threat-Intelligence,Utilities & Other Tools,inferred_language,Unknown
242,Edukita-LMS,https://github.com/sobri3195/Edukita-LMS,Utilities & Other Tools,token_count,8
242,Edukita-LMS,https://github.com/sobri3195/Edukita-LMS,Utilities & Other Tools,security_keyword_hits,0
242,Edukita-LMS,https://github.com/sobri3195/Edukita-LMS,Utilities & Other Tools,has_ai_signal,0
242,Edukita-LMS,https://github.com/sobri3195/Edukita-LMS,Utilities & Other Tools,has_web_signal,0
242,Edukita-LMS,https://github.com/sobri3195/Edukita-LMS,Utilities & Other Tools,has_mobile_signal,0
242,Edukita-LMS,https://github.com/sobri3195/Edukita-LMS,Utilities & Other Tools,has_osint_signal,0
242,Edukita-LMS,https://github.com/sobri3195/Edukita-LMS,Utilities & Other Tools,has_automation_signal,0
242,Edukita-LMS,https://github.com/sobri3195/Edukita-LMS,Utilities & Other Tools,description_length,69
242,Edukita-LMS,https://github.com/sobri3195/Edukita-LMS,Utilities & Other Tools,inferred_language,Unknown
243,IonicReality,https://github.com/sobri3195/IonicReality,Utilities & Other Tools,token_count,7
243,IonicReality,https://github.com/sobri3195/IonicReality,Utilities & Other Tools,security_keyword_hits,0
243,IonicReality,https://github.com/sobri3195/IonicReality,Utilities & Other Tools,has_ai_signal,0
243,IonicReality,https://github.com/sobri3195/IonicReality,Utilities & Other Tools,has_web_signal,0
243,IonicReality,https://github.com/sobri3195/IonicReality,Utilities & Other Tools,has_mobile_signal,1
243,IonicReality,https://github.com/sobri3195/IonicReality,Utilities & Other Tools,has_osint_signal,0
243,IonicReality,https://github.com/sobri3195/IonicReality,Utilities & Other Tools,has_automation_signal,0
243,IonicReality,https://github.com/sobri3195/IonicReality,Utilities & Other Tools,description_length,49
243,IonicReality,https://github.com/sobri3195/IonicReality,Utilities & Other Tools,inferred_language,Unknown
244,kalkulator-kesehatan,https://github.com/sobri3195/kalkulator-kesehatan,Utilities & Other Tools,token_count,14
244,kalkulator-kesehatan,https://github.com/sobri3195/kalkulator-kesehatan,Utilities & Other Tools,security_keyword_hits,0
244,kalkulator-kesehatan,https://github.com/sobri3195/kalkulator-kesehatan,Utilities & Other Tools,has_ai_signal,0
244,kalkulator-kesehatan,https://github.com/sobri3195/kalkulator-kesehatan,Utilities & Other Tools,has_web_signal,0
244,kalkulator-kesehatan,https://github.com/sobri3195/kalkulator-kesehatan,Utilities & Other Tools,has_mobile_signal,0
244,kalkulator-kesehatan,https://github.com/sobri3195/kalkulator-kesehatan,Utilities & Other Tools,has_osint_signal,0
244,kalkulator-kesehatan,https://github.com/sobri3195/kalkulator-kesehatan,Utilities & Other Tools,has_automation_signal,0
244,kalkulator-kesehatan,https://github.com/sobri3195/kalkulator-kesehatan,Utilities & Other Tools,description_length,106
244,kalkulator-kesehatan,https://github.com/sobri3195/kalkulator-kesehatan,Utilities & Other Tools,inferred_language,Unknown
245,kosek3,https://github.com/sobri3195/kosek3,Utilities & Other Tools,token_count,4
245,kosek3,https://github.com/sobri3195/kosek3,Utilities & Other Tools,security_keyword_hits,0
245,kosek3,https://github.com/sobri3195/kosek3,Utilities & Other Tools,has_ai_signal,0
245,kosek3,https://github.com/sobri3195/kosek3,Utilities & Other Tools,has_web_signal,0
245,kosek3,https://github.com/sobri3195/kosek3,Utilities & Other Tools,has_mobile_signal,0
245,kosek3,https://github.com/sobri3195/kosek3,Utilities & Other Tools,has_osint_signal,0
245,kosek3,https://github.com/sobri3195/kosek3,Utilities & Other Tools,has_automation_signal,0
245,kosek3,https://github.com/sobri3195/kosek3,Utilities & Other Tools,description_length,26
245,kosek3,https://github.com/sobri3195/kosek3,Utilities & Other Tools,inferred_language,Unknown
246,Onkologi-Radiasi,https://github.com/sobri3195/Onkologi-Radiasi,Utilities & Other Tools,token_count,7
246,Onkologi-Radiasi,https://github.com/sobri3195/Onkologi-Radiasi,Utilities & Other Tools,security_keyword_hits,0
246,Onkologi-Radiasi,https://github.com/sobri3195/Onkologi-Radiasi,Utilities & Other Tools,has_ai_signal,0
246,Onkologi-Radiasi,https://github.com/sobri3195/Onkologi-Radiasi,Utilities & Other Tools,has_web_signal,0
246,Onkologi-Radiasi,https://github.com/sobri3195/Onkologi-Radiasi,Utilities & Other Tools,has_mobile_signal,0
246,Onkologi-Radiasi,https://github.com/sobri3195/Onkologi-Radiasi,Utilities & Other Tools,has_osint_signal,0
246,Onkologi-Radiasi,https://github.com/sobri3195/Onkologi-Radiasi,Utilities & Other Tools,has_automation_signal,0
246,Onkologi-Radiasi,https://github.com/sobri3195/Onkologi-Radiasi,Utilities & Other Tools,description_length,38
246,Onkologi-Radiasi,https://github.com/sobri3195/Onkologi-Radiasi,Utilities & Other Tools,inferred_language,Unknown
247,Panduan-Praktik-Klinik,https://github.com/sobri3195/Panduan-Praktik-Klinik,Utilities & Other Tools,token_count,6
247,Panduan-Praktik-Klinik,https://github.com/sobri3195/Panduan-Praktik-Klinik,Utilities & Other Tools,security_keyword_hits,0
247,Panduan-Praktik-Klinik,https://github.com/sobri3195/Panduan-Praktik-Klinik,Utilities & Other Tools,has_ai_signal,0
247,Panduan-Praktik-Klinik,https://github.com/sobri3195/Panduan-Praktik-Klinik,Utilities & Other Tools,has_web_signal,0
247,Panduan-Praktik-Klinik,https://github.com/sobri3195/Panduan-Praktik-Klinik,Utilities & Other Tools,has_mobile_signal,0
247,Panduan-Praktik-Klinik,https://github.com/sobri3195/Panduan-Praktik-Klinik,Utilities & Other Tools,has_osint_signal,0
247,Panduan-Praktik-Klinik,https://github.com/sobri3195/Panduan-Praktik-Klinik,Utilities & Other Tools,has_automation_signal,0
247,Panduan-Praktik-Klinik,https://github.com/sobri3195/Panduan-Praktik-Klinik,Utilities & Other Tools,description_length,40
247,Panduan-Praktik-Klinik,https://github.com/sobri3195/Panduan-Praktik-Klinik,Utilities & Other Tools,inferred_language,Unknown
248,PathoST-GNN,https://github.com/sobri3195/PathoST-GNN,Utilities & Other Tools,token_count,3
248,PathoST-GNN,https://github.com/sobri3195/PathoST-GNN,Utilities & Other Tools,security_keyword_hits,0
248,PathoST-GNN,https://github.com/sobri3195/PathoST-GNN,Utilities & Other Tools,has_ai_signal,0
248,PathoST-GNN,https://github.com/sobri3195/PathoST-GNN,Utilities & Other Tools,has_web_signal,0
248,PathoST-GNN,https://github.com/sobri3195/PathoST-GNN,Utilities & Other Tools,has_mobile_signal,0
248,PathoST-GNN,https://github.com/sobri3195/PathoST-GNN,Utilities & Other Tools,has_osint_signal,0
248,PathoST-GNN,https://github.com/sobri3195/PathoST-GNN,Utilities & Other Tools,has_automation_signal,0
248,PathoST-GNN,https://github.com/sobri3195/PathoST-GNN,Utilities & Other Tools,description_length,21
248,PathoST-GNN,https://github.com/sobri3195/PathoST-GNN,Utilities & Other Tools,inferred_language,Unknown
249,spatial-gnn,https://github.com/sobri3195/spatial-gnn,Utilities & Other Tools,token_count,1
249,spatial-gnn,https://github.com/sobri3195/spatial-gnn,Utilities & Other Tools,security_keyword_hits,0
249,spatial-gnn,https://github.com/sobri3195/spatial-gnn,Utilities & Other Tools,has_ai_signal,0
249,spatial-gnn,https://github.com/sobri3195/spatial-gnn,Utilities & Other Tools,has_web_signal,0
249,spatial-gnn,https://github.com/sobri3195/spatial-gnn,Utilities & Other Tools,has_mobile_signal,0
249,spatial-gnn,https://github.com/sobri3195/spatial-gnn,Utilities & Other Tools,has_osint_signal,0
249,spatial-gnn,https://github.com/sobri3195/spatial-gnn,Utilities & Other Tools,has_automation_signal,0
249,spatial-gnn,https://github.com/sobri3195/spatial-gnn,Utilities & Other Tools,description_length,11
249,spatial-gnn,https://github.com/sobri3195/spatial-gnn,Utilities & Other Tools,inferred_language,Unknown
250,udara-medis-terpadu,https://github.com/sobri3195/udara-medis-terpadu,Utilities & Other Tools,token_count,1
250,udara-medis-terpadu,https://github.com/sobri3195/udara-medis-terpadu,Utilities & Other Tools,security_keyword_hits,0
250,udara-medis-terpadu,https://github.com/sobri3195/udara-medis-terpadu,Utilities & Other Tools,has_ai_signal,0
250,udara-medis-terpadu,https://github.com/sobri3195/udara-medis-terpadu,Utilities & Other Tools,has_web_signal,0
250,udara-medis-terpadu,https://github.com/sobri3195/udara-medis-terpadu,Utilities & Other Tools,has_mobile_signal,0
250,udara-medis-terpadu,https://github.com/sobri3195/udara-medis-terpadu,Utilities & Other Tools,has_osint_signal,0
250,udara-medis-terpadu,https://github.com/sobri3195/udara-medis-terpadu,Utilities & Other Tools,has_automation_signal,0
250,udara-medis-terpadu,https://github.com/sobri3195/udara-medis-terpadu,Utilities & Other Tools,description_length,19
250,udara-medis-terpadu,https://github.com/sobri3195/udara-medis-terpadu,Utilities & Other Tools,inferred_language,Unknown
